ts,series_id,value
2025-05-05T00:00:00+05:30,demand_mw,4452.59
2025-05-05T00:15:00+05:30,demand_mw,4400.87
2025-05-05T00:30:00+05:30,demand_mw,4340.33
2025-05-05T00:45:00+05:30,demand_mw,4243.13
2025-05-05T01:00:00+05:30,demand_mw,4162.96
2025-05-05T01:15:00+05:30,demand_mw,4106.41
2025-05-05T01:30:00+05:30,demand_mw,4048.74
2025-05-05T01:45:00+05:30,demand_mw,3982.0
2025-05-05T02:00:00+05:30,demand_mw,3928.51
2025-05-05T02:15:00+05:30,demand_mw,3874.05
2025-05-05T02:30:00+05:30,demand_mw,3812.71
2025-05-05T02:45:00+05:30,demand_mw,3758.14
2025-05-05T03:00:00+05:30,demand_mw,3697.48
2025-05-05T03:15:00+05:30,demand_mw,3618.25
2025-05-05T03:30:00+05:30,demand_mw,3569.62
2025-05-05T03:45:00+05:30,demand_mw,3512.28
2025-05-05T04:00:00+05:30,demand_mw,3425.49
2025-05-05T04:15:00+05:30,demand_mw,3395.01
2025-05-05T04:30:00+05:30,demand_mw,3378.09
2025-05-05T04:45:00+05:30,demand_mw,3332.21
2025-05-05T05:00:00+05:30,demand_mw,3322.42
2025-05-05T05:15:00+05:30,demand_mw,3325.47
2025-05-05T05:30:00+05:30,demand_mw,3364.22
2025-05-05T05:45:00+05:30,demand_mw,3397.38
2025-05-05T06:00:00+05:30,demand_mw,3446.75
2025-05-05T06:15:00+05:30,demand_mw,3473.52
2025-05-05T06:30:00+05:30,demand_mw,3485.76
2025-05-05T06:45:00+05:30,demand_mw,3512.24
2025-05-05T07:00:00+05:30,demand_mw,3508.01
2025-05-05T07:15:00+05:30,demand_mw,3493.91
2025-05-05T07:30:00+05:30,demand_mw,3459.3
2025-05-05T07:45:00+05:30,demand_mw,3442.21
2025-05-05T08:00:00+05:30,demand_mw,3455.92
2025-05-05T08:15:00+05:30,demand_mw,3477.99
2025-05-05T08:30:00+05:30,demand_mw,3484.83
2025-05-05T08:45:00+05:30,demand_mw,3497.05
2025-05-05T09:00:00+05:30,demand_mw,3540.93
2025-05-05T09:15:00+05:30,demand_mw,3599.53
2025-05-05T09:30:00+05:30,demand_mw,3618.64
2025-05-05T09:45:00+05:30,demand_mw,3624.77
2025-05-05T10:00:00+05:30,demand_mw,3642.63
2025-05-05T10:15:00+05:30,demand_mw,3657.96
2025-05-05T10:30:00+05:30,demand_mw,3673.95
2025-05-05T10:45:00+05:30,demand_mw,3665.39
2025-05-05T11:00:00+05:30,demand_mw,3651.01
2025-05-05T11:15:00+05:30,demand_mw,3615.25
2025-05-05T11:30:00+05:30,demand_mw,3645.58
2025-05-05T11:45:00+05:30,demand_mw,3669.25
2025-05-05T12:00:00+05:30,demand_mw,3698.32
2025-05-05T12:15:00+05:30,demand_mw,3748.94
2025-05-05T12:30:00+05:30,demand_mw,3765.57
2025-05-05T12:45:00+05:30,demand_mw,3782.17
2025-05-05T13:00:00+05:30,demand_mw,3776.09
2025-05-05T13:15:00+05:30,demand_mw,3800.67
2025-05-05T13:30:00+05:30,demand_mw,3846.43
2025-05-05T13:45:00+05:30,demand_mw,3897.82
2025-05-05T14:00:00+05:30,demand_mw,3968.41
2025-05-05T14:15:00+05:30,demand_mw,4031.68
2025-05-05T14:30:00+05:30,demand_mw,4098.03
2025-05-05T14:45:00+05:30,demand_mw,4132.77
2025-05-05T15:00:00+05:30,demand_mw,4186.63
2025-05-05T15:15:00+05:30,demand_mw,4213.41
2025-05-05T15:30:00+05:30,demand_mw,4204.09
2025-05-05T15:45:00+05:30,demand_mw,4209.36
2025-05-05T16:00:00+05:30,demand_mw,4213.4
2025-05-05T16:15:00+05:30,demand_mw,4241.79
2025-05-05T16:30:00+05:30,demand_mw,4226.17
2025-05-05T16:45:00+05:30,demand_mw,4224.79
2025-05-05T17:00:00+05:30,demand_mw,4184.06
2025-05-05T17:15:00+05:30,demand_mw,4171.13
2025-05-05T17:30:00+05:30,demand_mw,4156.49
2025-05-05T17:45:00+05:30,demand_mw,4144.3
2025-05-05T18:00:00+05:30,demand_mw,4139.59
2025-05-05T18:15:00+05:30,demand_mw,4175.26
2025-05-05T18:30:00+05:30,demand_mw,4310.52
2025-05-05T18:45:00+05:30,demand_mw,4544.47
2025-05-05T19:00:00+05:30,demand_mw,4643.56
2025-05-05T19:15:00+05:30,demand_mw,4672.25
2025-05-05T19:30:00+05:30,demand_mw,4648.58
2025-05-05T19:45:00+05:30,demand_mw,4648.68
2025-05-05T20:00:00+05:30,demand_mw,4622.26
2025-05-05T20:15:00+05:30,demand_mw,4604.06
2025-05-05T20:30:00+05:30,demand_mw,4581.26
2025-05-05T20:45:00+05:30,demand_mw,4568.38
2025-05-05T21:00:00+05:30,demand_mw,4573.67
2025-05-05T21:15:00+05:30,demand_mw,4636.63
2025-05-05T21:30:00+05:30,demand_mw,4678.39
2025-05-05T21:45:00+05:30,demand_mw,4730.55
2025-05-05T22:00:00+05:30,demand_mw,4801.98
2025-05-05T22:15:00+05:30,demand_mw,4684.68
2025-05-05T22:30:00+05:30,demand_mw,4540.53
2025-05-05T22:45:00+05:30,demand_mw,4568.67
2025-05-05T23:00:00+05:30,demand_mw,4646.44
2025-05-05T23:15:00+05:30,demand_mw,4532.6
2025-05-05T23:30:00+05:30,demand_mw,4603.93
2025-05-05T23:45:00+05:30,demand_mw,4546.94
2025-05-06T00:00:00+05:30,demand_mw,4453.6
2025-05-06T00:15:00+05:30,demand_mw,4357.43
2025-05-06T00:30:00+05:30,demand_mw,4259.63
2025-05-06T00:45:00+05:30,demand_mw,4153.52
2025-05-06T01:00:00+05:30,demand_mw,4091.45
2025-05-06T01:15:00+05:30,demand_mw,4028.51
2025-05-06T01:30:00+05:30,demand_mw,3969.38
2025-05-06T01:45:00+05:30,demand_mw,3927.56
2025-05-06T02:00:00+05:30,demand_mw,3857.6
2025-05-06T02:15:00+05:30,demand_mw,3807.44
2025-05-06T02:30:00+05:30,demand_mw,3787.38
2025-05-06T02:45:00+05:30,demand_mw,3779.32
2025-05-06T03:00:00+05:30,demand_mw,3744.14
2025-05-06T03:15:00+05:30,demand_mw,3697.83
2025-05-06T03:30:00+05:30,demand_mw,3672.17
2025-05-06T03:45:00+05:30,demand_mw,3643.06
2025-05-06T04:00:00+05:30,demand_mw,3617.11
2025-05-06T04:15:00+05:30,demand_mw,3594.83
2025-05-06T04:30:00+05:30,demand_mw,3584.98
2025-05-06T04:45:00+05:30,demand_mw,3592.88
2025-05-06T05:00:00+05:30,demand_mw,3606.3
2025-05-06T05:15:00+05:30,demand_mw,3613.11
2025-05-06T05:30:00+05:30,demand_mw,3608.58
2025-05-06T05:45:00+05:30,demand_mw,3619.12
2025-05-06T06:00:00+05:30,demand_mw,3623.29
2025-05-06T06:15:00+05:30,demand_mw,3650.64
2025-05-06T06:30:00+05:30,demand_mw,3646.86
2025-05-06T06:45:00+05:30,demand_mw,3622.32
2025-05-06T07:00:00+05:30,demand_mw,3577.76
2025-05-06T07:15:00+05:30,demand_mw,3534.56
2025-05-06T07:30:00+05:30,demand_mw,3486.68
2025-05-06T07:45:00+05:30,demand_mw,3450.3
2025-05-06T08:00:00+05:30,demand_mw,3418.7
2025-05-06T08:15:00+05:30,demand_mw,3414.5
2025-05-06T08:30:00+05:30,demand_mw,3406.56
2025-05-06T08:45:00+05:30,demand_mw,3464.58
2025-05-06T09:00:00+05:30,demand_mw,3474.49
2025-05-06T09:15:00+05:30,demand_mw,3515.22
2025-05-06T09:30:00+05:30,demand_mw,3573.73
2025-05-06T09:45:00+05:30,demand_mw,3625.79
2025-05-06T10:00:00+05:30,demand_mw,3621.17
2025-05-06T10:15:00+05:30,demand_mw,3630.63
2025-05-06T10:30:00+05:30,demand_mw,3620.64
2025-05-06T10:45:00+05:30,demand_mw,3647.17
2025-05-06T11:00:00+05:30,demand_mw,3653.03
2025-05-06T11:15:00+05:30,demand_mw,3651.69
2025-05-06T11:30:00+05:30,demand_mw,3669.48
2025-05-06T11:45:00+05:30,demand_mw,3709.52
2025-05-06T12:00:00+05:30,demand_mw,3708.51
2025-05-06T12:15:00+05:30,demand_mw,3734.04
2025-05-06T12:30:00+05:30,demand_mw,3753.64
2025-05-06T12:45:00+05:30,demand_mw,3782.2
2025-05-06T13:00:00+05:30,demand_mw,3771.08
2025-05-06T13:15:00+05:30,demand_mw,3770.41
2025-05-06T13:30:00+05:30,demand_mw,3780.22
2025-05-06T13:45:00+05:30,demand_mw,3839.72
2025-05-06T14:00:00+05:30,demand_mw,3933.04
2025-05-06T14:15:00+05:30,demand_mw,4052.58
2025-05-06T14:30:00+05:30,demand_mw,4148.78
2025-05-06T14:45:00+05:30,demand_mw,4214.12
2025-05-06T15:00:00+05:30,demand_mw,4264.19
2025-05-06T15:15:00+05:30,demand_mw,4318.21
2025-05-06T15:30:00+05:30,demand_mw,4350.1
2025-05-06T15:45:00+05:30,demand_mw,4390.05
2025-05-06T16:00:00+05:30,demand_mw,4365.25
2025-05-06T16:15:00+05:30,demand_mw,4353.18
2025-05-06T16:30:00+05:30,demand_mw,4355.26
2025-05-06T16:45:00+05:30,demand_mw,4340.4
2025-05-06T17:00:00+05:30,demand_mw,4277.08
2025-05-06T17:15:00+05:30,demand_mw,4247.49
2025-05-06T17:30:00+05:30,demand_mw,4216.54
2025-05-06T17:45:00+05:30,demand_mw,4215.33
2025-05-06T18:00:00+05:30,demand_mw,4178.88
2025-05-06T18:15:00+05:30,demand_mw,4219.77
2025-05-06T18:30:00+05:30,demand_mw,4369.17
2025-05-06T18:45:00+05:30,demand_mw,4581.14
2025-05-06T19:00:00+05:30,demand_mw,4738.14
2025-05-06T19:15:00+05:30,demand_mw,4795.43
2025-05-06T19:30:00+05:30,demand_mw,4792.36
2025-05-06T19:45:00+05:30,demand_mw,4789.62
2025-05-06T20:00:00+05:30,demand_mw,4773.7
2025-05-06T20:15:00+05:30,demand_mw,4742.52
2025-05-06T20:30:00+05:30,demand_mw,4738.41
2025-05-06T20:45:00+05:30,demand_mw,4756.96
2025-05-06T21:00:00+05:30,demand_mw,4759.23
2025-05-06T21:15:00+05:30,demand_mw,4798.79
2025-05-06T21:30:00+05:30,demand_mw,4855.78
2025-05-06T21:45:00+05:30,demand_mw,4908.96
2025-05-06T22:00:00+05:30,demand_mw,4987.0
2025-05-06T22:15:00+05:30,demand_mw,5033.75
2025-05-06T22:30:00+05:30,demand_mw,5042.3
2025-05-06T22:45:00+05:30,demand_mw,5011.67
2025-05-06T23:00:00+05:30,demand_mw,4957.55
2025-05-06T23:15:00+05:30,demand_mw,4887.39
2025-05-06T23:30:00+05:30,demand_mw,4761.56
2025-05-06T23:45:00+05:30,demand_mw,4635.72
2025-05-07T00:00:00+05:30,demand_mw,4557.58
2025-05-07T00:15:00+05:30,demand_mw,4485.79
2025-05-07T00:30:00+05:30,demand_mw,4402.04
2025-05-07T00:45:00+05:30,demand_mw,4328.32
2025-05-07T01:00:00+05:30,demand_mw,4262.39
2025-05-07T01:15:00+05:30,demand_mw,4201.25
2025-05-07T01:30:00+05:30,demand_mw,4134.8
2025-05-07T01:45:00+05:30,demand_mw,4084.63
2025-05-07T02:00:00+05:30,demand_mw,4022.77
2025-05-07T02:15:00+05:30,demand_mw,3964.7
2025-05-07T02:30:00+05:30,demand_mw,3919.69
2025-05-07T02:45:00+05:30,demand_mw,3883.02
2025-05-07T03:00:00+05:30,demand_mw,3844.91
2025-05-07T03:15:00+05:30,demand_mw,3803.61
2025-05-07T03:30:00+05:30,demand_mw,3771.71
2025-05-07T03:45:00+05:30,demand_mw,3738.79
2025-05-07T04:00:00+05:30,demand_mw,3713.13
2025-05-07T04:15:00+05:30,demand_mw,3725.16
2025-05-07T04:30:00+05:30,demand_mw,3720.14
2025-05-07T04:45:00+05:30,demand_mw,3705.9
2025-05-07T05:00:00+05:30,demand_mw,3710.88
2025-05-07T05:15:00+05:30,demand_mw,3725.67
2025-05-07T05:30:00+05:30,demand_mw,3718.28
2025-05-07T05:45:00+05:30,demand_mw,3721.54
2025-05-07T06:00:00+05:30,demand_mw,3739.3
2025-05-07T06:15:00+05:30,demand_mw,3756.06
2025-05-07T06:30:00+05:30,demand_mw,3761.8
2025-05-07T06:45:00+05:30,demand_mw,3709.03
2025-05-07T07:00:00+05:30,demand_mw,3678.86
2025-05-07T07:15:00+05:30,demand_mw,3630.21
2025-05-07T07:30:00+05:30,demand_mw,3586.63
2025-05-07T07:45:00+05:30,demand_mw,3543.0
2025-05-07T08:00:00+05:30,demand_mw,3523.06
2025-05-07T08:15:00+05:30,demand_mw,3488.49
2025-05-07T08:30:00+05:30,demand_mw,3485.59
2025-05-07T08:45:00+05:30,demand_mw,3497.22
2025-05-07T09:00:00+05:30,demand_mw,3535.1
2025-05-07T09:15:00+05:30,demand_mw,3596.12
2025-05-07T09:30:00+05:30,demand_mw,3637.63
2025-05-07T09:45:00+05:30,demand_mw,3678.35
2025-05-07T10:00:00+05:30,demand_mw,3707.62
2025-05-07T10:15:00+05:30,demand_mw,3737.19
2025-05-07T10:30:00+05:30,demand_mw,3724.48
2025-05-07T10:45:00+05:30,demand_mw,3731.42
2025-05-07T11:00:00+05:30,demand_mw,3732.2
2025-05-07T11:15:00+05:30,demand_mw,3755.59
2025-05-07T11:30:00+05:30,demand_mw,3771.91
2025-05-07T11:45:00+05:30,demand_mw,3753.22
2025-05-07T12:00:00+05:30,demand_mw,3771.12
2025-05-07T12:15:00+05:30,demand_mw,3799.02
2025-05-07T12:30:00+05:30,demand_mw,3828.92
2025-05-07T12:45:00+05:30,demand_mw,3842.43
2025-05-07T13:00:00+05:30,demand_mw,3822.95
2025-05-07T13:15:00+05:30,demand_mw,3875.33
2025-05-07T13:30:00+05:30,demand_mw,3890.46
2025-05-07T13:45:00+05:30,demand_mw,3956.73
2025-05-07T14:00:00+05:30,demand_mw,4070.4
2025-05-07T14:15:00+05:30,demand_mw,4188.71
2025-05-07T14:30:00+05:30,demand_mw,4298.56
2025-05-07T14:45:00+05:30,demand_mw,4316.65
2025-05-07T15:00:00+05:30,demand_mw,4327.57
2025-05-07T15:15:00+05:30,demand_mw,4399.87
2025-05-07T15:30:00+05:30,demand_mw,4420.14
2025-05-07T15:45:00+05:30,demand_mw,4452.05
2025-05-07T16:00:00+05:30,demand_mw,4301.66
2025-05-07T16:15:00+05:30,demand_mw,4344.08
2025-05-07T16:30:00+05:30,demand_mw,4346.28
2025-05-07T16:45:00+05:30,demand_mw,4365.96
2025-05-07T17:00:00+05:30,demand_mw,4311.68
2025-05-07T17:15:00+05:30,demand_mw,4247.18
2025-05-07T17:30:00+05:30,demand_mw,4191.65
2025-05-07T17:45:00+05:30,demand_mw,4167.95
2025-05-07T18:00:00+05:30,demand_mw,4152.47
2025-05-07T18:15:00+05:30,demand_mw,4176.72
2025-05-07T18:30:00+05:30,demand_mw,4326.46
2025-05-07T18:45:00+05:30,demand_mw,4491.13
2025-05-07T19:00:00+05:30,demand_mw,4584.37
2025-05-07T19:15:00+05:30,demand_mw,4607.35
2025-05-07T19:30:00+05:30,demand_mw,4613.64
2025-05-07T19:45:00+05:30,demand_mw,4612.44
2025-05-07T20:00:00+05:30,demand_mw,4602.6
2025-05-07T20:15:00+05:30,demand_mw,4614.34
2025-05-07T20:30:00+05:30,demand_mw,4607.48
2025-05-07T20:45:00+05:30,demand_mw,4614.46
2025-05-07T21:00:00+05:30,demand_mw,4634.66
2025-05-07T21:15:00+05:30,demand_mw,4665.82
2025-05-07T21:30:00+05:30,demand_mw,4706.55
2025-05-07T21:45:00+05:30,demand_mw,4778.54
2025-05-07T22:00:00+05:30,demand_mw,4849.08
2025-05-07T22:15:00+05:30,demand_mw,4518.89
2025-05-07T22:30:00+05:30,demand_mw,3961.45
2025-05-07T22:45:00+05:30,demand_mw,3809.48
2025-05-07T23:00:00+05:30,demand_mw,3809.94
2025-05-07T23:15:00+05:30,demand_mw,3850.46
2025-05-07T23:30:00+05:30,demand_mw,4139.76
2025-05-07T23:45:00+05:30,demand_mw,4436.52
2025-05-08T00:00:00+05:30,demand_mw,4441.01
2025-05-08T00:15:00+05:30,demand_mw,4364.17
2025-05-08T00:30:00+05:30,demand_mw,4277.7
2025-05-08T00:45:00+05:30,demand_mw,4209.97
2025-05-08T01:00:00+05:30,demand_mw,4117.61
2025-05-08T01:15:00+05:30,demand_mw,4052.56
2025-05-08T01:30:00+05:30,demand_mw,4000.77
2025-05-08T01:45:00+05:30,demand_mw,3960.41
2025-05-08T02:00:00+05:30,demand_mw,3916.89
2025-05-08T02:15:00+05:30,demand_mw,3851.61
2025-05-08T02:30:00+05:30,demand_mw,3811.21
2025-05-08T02:45:00+05:30,demand_mw,3755.1
2025-05-08T03:00:00+05:30,demand_mw,3716.96
2025-05-08T03:15:00+05:30,demand_mw,3665.34
2025-05-08T03:30:00+05:30,demand_mw,3644.75
2025-05-08T03:45:00+05:30,demand_mw,3635.86
2025-05-08T04:00:00+05:30,demand_mw,3633.52
2025-05-08T04:15:00+05:30,demand_mw,3622.83
2025-05-08T04:30:00+05:30,demand_mw,3608.39
2025-05-08T04:45:00+05:30,demand_mw,3591.92
2025-05-08T05:00:00+05:30,demand_mw,3600.23
2025-05-08T05:15:00+05:30,demand_mw,3608.47
2025-05-08T05:30:00+05:30,demand_mw,3623.42
2025-05-08T05:45:00+05:30,demand_mw,3632.79
2025-05-08T06:00:00+05:30,demand_mw,3654.01
2025-05-08T06:15:00+05:30,demand_mw,3667.48
2025-05-08T06:30:00+05:30,demand_mw,3649.53
2025-05-08T06:45:00+05:30,demand_mw,3614.75
2025-05-08T07:00:00+05:30,demand_mw,3592.78
2025-05-08T07:15:00+05:30,demand_mw,3561.25
2025-05-08T07:30:00+05:30,demand_mw,3533.67
2025-05-08T07:45:00+05:30,demand_mw,3472.82
2025-05-08T08:00:00+05:30,demand_mw,3453.52
2025-05-08T08:15:00+05:30,demand_mw,3447.52
2025-05-08T08:30:00+05:30,demand_mw,3415.9
2025-05-08T08:45:00+05:30,demand_mw,3437.98
2025-05-08T09:00:00+05:30,demand_mw,3495.43
2025-05-08T09:15:00+05:30,demand_mw,3571.9
2025-05-08T09:30:00+05:30,demand_mw,3618.19
2025-05-08T09:45:00+05:30,demand_mw,3690.49
2025-05-08T10:00:00+05:30,demand_mw,3694.49
2025-05-08T10:15:00+05:30,demand_mw,3714.3
2025-05-08T10:30:00+05:30,demand_mw,3697.26
2025-05-08T10:45:00+05:30,demand_mw,3699.15
2025-05-08T11:00:00+05:30,demand_mw,3698.8
2025-05-08T11:15:00+05:30,demand_mw,3689.43
2025-05-08T11:30:00+05:30,demand_mw,3671.65
2025-05-08T11:45:00+05:30,demand_mw,3679.79
2025-05-08T12:00:00+05:30,demand_mw,3684.51
2025-05-08T12:15:00+05:30,demand_mw,3696.72
2025-05-08T12:30:00+05:30,demand_mw,3734.25
2025-05-08T12:45:00+05:30,demand_mw,3737.46
2025-05-08T13:00:00+05:30,demand_mw,3663.56
2025-05-08T13:15:00+05:30,demand_mw,3691.3
2025-05-08T13:30:00+05:30,demand_mw,3749.35
2025-05-08T13:45:00+05:30,demand_mw,3832.34
2025-05-08T14:00:00+05:30,demand_mw,3963.03
2025-05-08T14:15:00+05:30,demand_mw,4068.72
2025-05-08T14:30:00+05:30,demand_mw,4139.31
2025-05-08T14:45:00+05:30,demand_mw,4184.5
2025-05-08T15:00:00+05:30,demand_mw,4266.03
2025-05-08T15:15:00+05:30,demand_mw,4298.82
2025-05-08T15:30:00+05:30,demand_mw,4326.54
2025-05-08T15:45:00+05:30,demand_mw,4374.15
2025-05-08T16:00:00+05:30,demand_mw,4368.99
2025-05-08T16:15:00+05:30,demand_mw,4321.24
2025-05-08T16:30:00+05:30,demand_mw,4365.45
2025-05-08T16:45:00+05:30,demand_mw,4379.02
2025-05-08T17:00:00+05:30,demand_mw,4363.42
2025-05-08T17:15:00+05:30,demand_mw,4347.98
2025-05-08T17:30:00+05:30,demand_mw,4303.66
2025-05-08T17:45:00+05:30,demand_mw,4345.4
2025-05-08T18:00:00+05:30,demand_mw,4305.28
2025-05-08T18:15:00+05:30,demand_mw,4335.89
2025-05-08T18:30:00+05:30,demand_mw,4492.11
2025-05-08T18:45:00+05:30,demand_mw,4699.82
2025-05-08T19:00:00+05:30,demand_mw,4845.18
2025-05-08T19:15:00+05:30,demand_mw,4861.59
2025-05-08T19:30:00+05:30,demand_mw,4845.91
2025-05-08T19:45:00+05:30,demand_mw,4840.55
2025-05-08T20:00:00+05:30,demand_mw,4823.31
2025-05-08T20:15:00+05:30,demand_mw,4817.14
2025-05-08T20:30:00+05:30,demand_mw,4797.33
2025-05-08T20:45:00+05:30,demand_mw,4795.89
2025-05-08T21:00:00+05:30,demand_mw,4801.63
2025-05-08T21:15:00+05:30,demand_mw,4843.27
2025-05-08T21:30:00+05:30,demand_mw,4891.43
2025-05-08T21:45:00+05:30,demand_mw,4946.91
2025-05-08T22:00:00+05:30,demand_mw,5046.92
2025-05-08T22:15:00+05:30,demand_mw,5130.22
2025-05-08T22:30:00+05:30,demand_mw,5112.5
2025-05-08T22:45:00+05:30,demand_mw,5090.48
2025-05-08T23:00:00+05:30,demand_mw,5047.95
2025-05-08T23:15:00+05:30,demand_mw,4986.9
2025-05-08T23:30:00+05:30,demand_mw,4886.18
2025-05-08T23:45:00+05:30,demand_mw,4789.63
2025-05-09T00:00:00+05:30,demand_mw,4669.78
2025-05-09T00:15:00+05:30,demand_mw,4604.5
2025-05-09T00:30:00+05:30,demand_mw,4517.19
2025-05-09T00:45:00+05:30,demand_mw,4442.93
2025-05-09T01:00:00+05:30,demand_mw,4368.35
2025-05-09T01:15:00+05:30,demand_mw,4308.22
2025-05-09T01:30:00+05:30,demand_mw,4216.92
2025-05-09T01:45:00+05:30,demand_mw,4133.38
2025-05-09T02:00:00+05:30,demand_mw,4069.3
2025-05-09T02:15:00+05:30,demand_mw,4022.56
2025-05-09T02:30:00+05:30,demand_mw,3981.07
2025-05-09T02:45:00+05:30,demand_mw,3936.65
2025-05-09T03:00:00+05:30,demand_mw,3924.16
2025-05-09T03:15:00+05:30,demand_mw,3884.69
2025-05-09T03:30:00+05:30,demand_mw,3857.81
2025-05-09T03:45:00+05:30,demand_mw,3823.67
2025-05-09T04:00:00+05:30,demand_mw,3802.77
2025-05-09T04:15:00+05:30,demand_mw,3776.23
2025-05-09T04:30:00+05:30,demand_mw,3764.69
2025-05-09T04:45:00+05:30,demand_mw,3754.19
2025-05-09T05:00:00+05:30,demand_mw,3763.01
2025-05-09T05:15:00+05:30,demand_mw,3762.0
2025-05-09T05:30:00+05:30,demand_mw,3756.95
2025-05-09T05:45:00+05:30,demand_mw,3765.33
2025-05-09T06:00:00+05:30,demand_mw,3778.47
2025-05-09T06:15:00+05:30,demand_mw,3799.92
2025-05-09T06:30:00+05:30,demand_mw,3803.85
2025-05-09T06:45:00+05:30,demand_mw,3763.93
2025-05-09T07:00:00+05:30,demand_mw,3718.46
2025-05-09T07:15:00+05:30,demand_mw,3673.43
2025-05-09T07:30:00+05:30,demand_mw,3618.03
2025-05-09T07:45:00+05:30,demand_mw,3569.31
2025-05-09T08:00:00+05:30,demand_mw,3532.45
2025-05-09T08:15:00+05:30,demand_mw,3508.55
2025-05-09T08:30:00+05:30,demand_mw,3433.18
2025-05-09T08:45:00+05:30,demand_mw,3415.49
2025-05-09T09:00:00+05:30,demand_mw,3460.85
2025-05-09T09:15:00+05:30,demand_mw,3503.77
2025-05-09T09:30:00+05:30,demand_mw,3525.34
2025-05-09T09:45:00+05:30,demand_mw,3548.61
2025-05-09T10:00:00+05:30,demand_mw,3562.08
2025-05-09T10:15:00+05:30,demand_mw,3595.46
2025-05-09T10:30:00+05:30,demand_mw,3606.69
2025-05-09T10:45:00+05:30,demand_mw,3623.99
2025-05-09T11:00:00+05:30,demand_mw,3657.83
2025-05-09T11:15:00+05:30,demand_mw,3603.71
2025-05-09T11:30:00+05:30,demand_mw,3613.97
2025-05-09T11:45:00+05:30,demand_mw,3629.99
2025-05-09T12:00:00+05:30,demand_mw,3689.21
2025-05-09T12:15:00+05:30,demand_mw,3684.88
2025-05-09T12:30:00+05:30,demand_mw,3650.42
2025-05-09T12:45:00+05:30,demand_mw,3620.74
2025-05-09T13:00:00+05:30,demand_mw,3574.09
2025-05-09T13:15:00+05:30,demand_mw,3590.82
2025-05-09T13:30:00+05:30,demand_mw,3636.14
2025-05-09T13:45:00+05:30,demand_mw,3696.95
2025-05-09T14:00:00+05:30,demand_mw,3831.96
2025-05-09T14:15:00+05:30,demand_mw,3973.85
2025-05-09T14:30:00+05:30,demand_mw,4057.81
2025-05-09T14:45:00+05:30,demand_mw,4133.88
2025-05-09T15:00:00+05:30,demand_mw,4194.22
2025-05-09T15:15:00+05:30,demand_mw,4235.0
2025-05-09T15:30:00+05:30,demand_mw,4269.69
2025-05-09T15:45:00+05:30,demand_mw,4315.69
2025-05-09T16:00:00+05:30,demand_mw,4311.54
2025-05-09T16:15:00+05:30,demand_mw,4320.51
2025-05-09T16:30:00+05:30,demand_mw,4341.98
2025-05-09T16:45:00+05:30,demand_mw,4303.68
2025-05-09T17:00:00+05:30,demand_mw,4274.01
2025-05-09T17:15:00+05:30,demand_mw,4302.1
2025-05-09T17:30:00+05:30,demand_mw,4298.09
2025-05-09T17:45:00+05:30,demand_mw,4271.22
2025-05-09T18:00:00+05:30,demand_mw,4217.9
2025-05-09T18:15:00+05:30,demand_mw,4237.64
2025-05-09T18:30:00+05:30,demand_mw,4370.65
2025-05-09T18:45:00+05:30,demand_mw,4590.73
2025-05-09T19:00:00+05:30,demand_mw,4740.08
2025-05-09T19:15:00+05:30,demand_mw,4739.18
2025-05-09T19:30:00+05:30,demand_mw,4736.45
2025-05-09T19:45:00+05:30,demand_mw,4736.31
2025-05-09T20:00:00+05:30,demand_mw,4721.34
2025-05-09T20:15:00+05:30,demand_mw,4726.97
2025-05-09T20:30:00+05:30,demand_mw,4718.09
2025-05-09T20:45:00+05:30,demand_mw,4699.7
2025-05-09T21:00:00+05:30,demand_mw,4725.27
2025-05-09T21:15:00+05:30,demand_mw,4770.28
2025-05-09T21:30:00+05:30,demand_mw,4823.92
2025-05-09T21:45:00+05:30,demand_mw,4888.83
2025-05-09T22:00:00+05:30,demand_mw,4965.43
2025-05-09T22:15:00+05:30,demand_mw,5068.88
2025-05-09T22:30:00+05:30,demand_mw,5081.12
2025-05-09T22:45:00+05:30,demand_mw,5057.62
2025-05-09T23:00:00+05:30,demand_mw,5043.45
2025-05-09T23:15:00+05:30,demand_mw,4997.2
2025-05-09T23:30:00+05:30,demand_mw,4915.7
2025-05-09T23:45:00+05:30,demand_mw,4831.12
2025-05-10T00:00:00+05:30,demand_mw,4716.95
2025-05-10T00:15:00+05:30,demand_mw,4632.55
2025-05-10T00:30:00+05:30,demand_mw,4538.78
2025-05-10T00:45:00+05:30,demand_mw,4462.76
2025-05-10T01:00:00+05:30,demand_mw,4386.62
2025-05-10T01:15:00+05:30,demand_mw,4313.15
2025-05-10T01:30:00+05:30,demand_mw,4220.08
2025-05-10T01:45:00+05:30,demand_mw,4157.7
2025-05-10T02:00:00+05:30,demand_mw,4104.6
2025-05-10T02:15:00+05:30,demand_mw,4052.58
2025-05-10T02:30:00+05:30,demand_mw,3997.85
2025-05-10T02:45:00+05:30,demand_mw,3971.55
2025-05-10T03:00:00+05:30,demand_mw,3967.79
2025-05-10T03:15:00+05:30,demand_mw,3907.29
2025-05-10T03:30:00+05:30,demand_mw,3884.85
2025-05-10T03:45:00+05:30,demand_mw,3859.62
2025-05-10T04:00:00+05:30,demand_mw,3817.25
2025-05-10T04:15:00+05:30,demand_mw,3803.77
2025-05-10T04:30:00+05:30,demand_mw,3778.49
2025-05-10T04:45:00+05:30,demand_mw,3775.5
2025-05-10T05:00:00+05:30,demand_mw,3762.66
2025-05-10T05:15:00+05:30,demand_mw,3761.28
2025-05-10T05:30:00+05:30,demand_mw,3767.36
2025-05-10T05:45:00+05:30,demand_mw,3759.01
2025-05-10T06:00:00+05:30,demand_mw,3772.54
2025-05-10T06:15:00+05:30,demand_mw,3746.78
2025-05-10T06:30:00+05:30,demand_mw,3727.32
2025-05-10T06:45:00+05:30,demand_mw,3687.58
2025-05-10T07:00:00+05:30,demand_mw,3642.17
2025-05-10T07:15:00+05:30,demand_mw,3638.65
2025-05-10T07:30:00+05:30,demand_mw,3570.71
2025-05-10T07:45:00+05:30,demand_mw,3527.48
2025-05-10T08:00:00+05:30,demand_mw,3520.14
2025-05-10T08:15:00+05:30,demand_mw,3485.56
2025-05-10T08:30:00+05:30,demand_mw,3480.69
2025-05-10T08:45:00+05:30,demand_mw,3476.5
2025-05-10T09:00:00+05:30,demand_mw,3520.42
2025-05-10T09:15:00+05:30,demand_mw,3558.69
2025-05-10T09:30:00+05:30,demand_mw,3563.78
2025-05-10T09:45:00+05:30,demand_mw,3609.45
2025-05-10T10:00:00+05:30,demand_mw,3593.09
2025-05-10T10:15:00+05:30,demand_mw,3617.63
2025-05-10T10:30:00+05:30,demand_mw,3595.07
2025-05-10T10:45:00+05:30,demand_mw,3598.52
2025-05-10T11:00:00+05:30,demand_mw,3594.97
2025-05-10T11:15:00+05:30,demand_mw,3579.06
2025-05-10T11:30:00+05:30,demand_mw,3563.44
2025-05-10T11:45:00+05:30,demand_mw,3569.49
2025-05-10T12:00:00+05:30,demand_mw,3573.02
2025-05-10T12:15:00+05:30,demand_mw,3563.4
2025-05-10T12:30:00+05:30,demand_mw,3574.97
2025-05-10T12:45:00+05:30,demand_mw,3573.15
2025-05-10T13:00:00+05:30,demand_mw,3504.09
2025-05-10T13:15:00+05:30,demand_mw,3518.97
2025-05-10T13:30:00+05:30,demand_mw,3549.94
2025-05-10T13:45:00+05:30,demand_mw,3617.41
2025-05-10T14:00:00+05:30,demand_mw,3712.34
2025-05-10T14:15:00+05:30,demand_mw,3799.0
2025-05-10T14:30:00+05:30,demand_mw,3914.24
2025-05-10T14:45:00+05:30,demand_mw,3992.9
2025-05-10T15:00:00+05:30,demand_mw,4054.58
2025-05-10T15:15:00+05:30,demand_mw,4096.18
2025-05-10T15:30:00+05:30,demand_mw,4164.34
2025-05-10T15:45:00+05:30,demand_mw,4215.72
2025-05-10T16:00:00+05:30,demand_mw,4198.76
2025-05-10T16:15:00+05:30,demand_mw,4209.77
2025-05-10T16:30:00+05:30,demand_mw,4241.34
2025-05-10T16:45:00+05:30,demand_mw,4258.29
2025-05-10T17:00:00+05:30,demand_mw,4222.98
2025-05-10T17:15:00+05:30,demand_mw,4213.27
2025-05-10T17:30:00+05:30,demand_mw,4178.05
2025-05-10T17:45:00+05:30,demand_mw,4183.7
2025-05-10T18:00:00+05:30,demand_mw,4111.52
2025-05-10T18:15:00+05:30,demand_mw,4127.37
2025-05-10T18:30:00+05:30,demand_mw,4263.21
2025-05-10T18:45:00+05:30,demand_mw,4502.61
2025-05-10T19:00:00+05:30,demand_mw,4631.21
2025-05-10T19:15:00+05:30,demand_mw,4633.61
2025-05-10T19:30:00+05:30,demand_mw,4590.14
2025-05-10T19:45:00+05:30,demand_mw,4591.64
2025-05-10T20:00:00+05:30,demand_mw,4576.85
2025-05-10T20:15:00+05:30,demand_mw,4575.79
2025-05-10T20:30:00+05:30,demand_mw,4559.18
2025-05-10T20:45:00+05:30,demand_mw,4554.78
2025-05-10T21:00:00+05:30,demand_mw,4581.91
2025-05-10T21:15:00+05:30,demand_mw,4600.93
2025-05-10T21:30:00+05:30,demand_mw,4670.46
2025-05-10T21:45:00+05:30,demand_mw,4743.22
2025-05-10T22:00:00+05:30,demand_mw,4822.0
2025-05-10T22:15:00+05:30,demand_mw,4868.02
2025-05-10T22:30:00+05:30,demand_mw,4879.19
2025-05-10T22:45:00+05:30,demand_mw,4897.28
2025-05-10T23:00:00+05:30,demand_mw,4870.13
2025-05-10T23:15:00+05:30,demand_mw,4861.94
2025-05-10T23:30:00+05:30,demand_mw,4825.97
2025-05-10T23:45:00+05:30,demand_mw,4749.22
2025-05-11T00:00:00+05:30,demand_mw,4649.53
2025-05-11T00:15:00+05:30,demand_mw,4562.45
2025-05-11T00:30:00+05:30,demand_mw,4488.11
2025-05-11T00:45:00+05:30,demand_mw,4412.2
2025-05-11T01:00:00+05:30,demand_mw,4348.32
2025-05-11T01:15:00+05:30,demand_mw,4273.64
2025-05-11T01:30:00+05:30,demand_mw,4182.43
2025-05-11T01:45:00+05:30,demand_mw,4110.9
2025-05-11T02:00:00+05:30,demand_mw,4065.23
2025-05-11T02:15:00+05:30,demand_mw,4017.6
2025-05-11T02:30:00+05:30,demand_mw,3943.52
2025-05-11T02:45:00+05:30,demand_mw,3903.99
2025-05-11T03:00:00+05:30,demand_mw,3866.13
2025-05-11T03:15:00+05:30,demand_mw,3821.92
2025-05-11T03:30:00+05:30,demand_mw,3790.29
2025-05-11T03:45:00+05:30,demand_mw,3762.39
2025-05-11T04:00:00+05:30,demand_mw,3721.92
2025-05-11T04:15:00+05:30,demand_mw,3690.59
2025-05-11T04:30:00+05:30,demand_mw,3673.01
2025-05-11T04:45:00+05:30,demand_mw,3667.88
2025-05-11T05:00:00+05:30,demand_mw,3654.59
2025-05-11T05:15:00+05:30,demand_mw,3640.78
2025-05-11T05:30:00+05:30,demand_mw,3632.36
2025-05-11T05:45:00+05:30,demand_mw,3626.59
2025-05-11T06:00:00+05:30,demand_mw,3618.43
2025-05-11T06:15:00+05:30,demand_mw,3585.72
2025-05-11T06:30:00+05:30,demand_mw,3537.9
2025-05-11T06:45:00+05:30,demand_mw,3470.02
2025-05-11T07:00:00+05:30,demand_mw,3432.59
2025-05-11T07:15:00+05:30,demand_mw,3388.71
2025-05-11T07:30:00+05:30,demand_mw,3315.26
2025-05-11T07:45:00+05:30,demand_mw,3252.32
2025-05-11T08:00:00+05:30,demand_mw,3180.3
2025-05-11T08:15:00+05:30,demand_mw,3136.07
2025-05-11T08:30:00+05:30,demand_mw,3079.71
2025-05-11T08:45:00+05:30,demand_mw,3029.72
2025-05-11T09:00:00+05:30,demand_mw,2974.51
2025-05-11T09:15:00+05:30,demand_mw,2985.86
2025-05-11T09:30:00+05:30,demand_mw,3011.28
2025-05-11T09:45:00+05:30,demand_mw,3029.31
2025-05-11T10:00:00+05:30,demand_mw,3016.0
2025-05-11T10:15:00+05:30,demand_mw,3010.1
2025-05-11T10:30:00+05:30,demand_mw,2984.91
2025-05-11T10:45:00+05:30,demand_mw,2975.9
2025-05-11T11:00:00+05:30,demand_mw,2953.28
2025-05-11T11:15:00+05:30,demand_mw,2935.82
2025-05-11T11:30:00+05:30,demand_mw,2929.87
2025-05-11T11:45:00+05:30,demand_mw,2947.17
2025-05-11T12:00:00+05:30,demand_mw,2954.69
2025-05-11T12:15:00+05:30,demand_mw,2971.3
2025-05-11T12:30:00+05:30,demand_mw,2989.41
2025-05-11T12:45:00+05:30,demand_mw,2988.49
2025-05-11T13:00:00+05:30,demand_mw,2961.98
2025-05-11T13:15:00+05:30,demand_mw,2986.07
2025-05-11T13:30:00+05:30,demand_mw,3033.98
2025-05-11T13:45:00+05:30,demand_mw,3103.78
2025-05-11T14:00:00+05:30,demand_mw,3215.33
2025-05-11T14:15:00+05:30,demand_mw,3302.36
2025-05-11T14:30:00+05:30,demand_mw,3385.38
2025-05-11T14:45:00+05:30,demand_mw,3439.32
2025-05-11T15:00:00+05:30,demand_mw,3486.3
2025-05-11T15:15:00+05:30,demand_mw,3553.51
2025-05-11T15:30:00+05:30,demand_mw,3605.58
2025-05-11T15:45:00+05:30,demand_mw,3651.51
2025-05-11T16:00:00+05:30,demand_mw,3674.77
2025-05-11T16:15:00+05:30,demand_mw,3683.41
2025-05-11T16:30:00+05:30,demand_mw,3703.23
2025-05-11T16:45:00+05:30,demand_mw,3688.5
2025-05-11T17:00:00+05:30,demand_mw,3676.84
2025-05-11T17:15:00+05:30,demand_mw,3697.38
2025-05-11T17:30:00+05:30,demand_mw,3700.5
2025-05-11T17:45:00+05:30,demand_mw,3709.01
2025-05-11T18:00:00+05:30,demand_mw,3709.63
2025-05-11T18:15:00+05:30,demand_mw,3736.55
2025-05-11T18:30:00+05:30,demand_mw,3897.3
2025-05-11T18:45:00+05:30,demand_mw,4115.43
2025-05-11T19:00:00+05:30,demand_mw,4291.58
2025-05-11T19:15:00+05:30,demand_mw,4360.95
2025-05-11T19:30:00+05:30,demand_mw,4344.59
2025-05-11T19:45:00+05:30,demand_mw,4372.45
2025-05-11T20:00:00+05:30,demand_mw,4385.48
2025-05-11T20:15:00+05:30,demand_mw,4406.66
2025-05-11T20:30:00+05:30,demand_mw,4408.62
2025-05-11T20:45:00+05:30,demand_mw,4425.62
2025-05-11T21:00:00+05:30,demand_mw,4485.35
2025-05-11T21:15:00+05:30,demand_mw,4575.43
2025-05-11T21:30:00+05:30,demand_mw,4656.59
2025-05-11T21:45:00+05:30,demand_mw,4724.51
2025-05-11T22:00:00+05:30,demand_mw,4833.47
2025-05-11T22:15:00+05:30,demand_mw,4892.91
2025-05-11T22:30:00+05:30,demand_mw,4905.86
2025-05-11T22:45:00+05:30,demand_mw,4894.33
2025-05-11T23:00:00+05:30,demand_mw,4864.44
2025-05-11T23:15:00+05:30,demand_mw,4779.82
2025-05-11T23:30:00+05:30,demand_mw,4715.08
2025-05-11T23:45:00+05:30,demand_mw,4650.29
2025-05-12T00:00:00+05:30,demand_mw,4542.02
2025-05-12T00:15:00+05:30,demand_mw,4443.33
2025-05-12T00:30:00+05:30,demand_mw,4361.75
2025-05-12T00:45:00+05:30,demand_mw,4275.22
2025-05-12T01:00:00+05:30,demand_mw,4208.29
2025-05-12T01:15:00+05:30,demand_mw,4145.72
2025-05-12T01:30:00+05:30,demand_mw,4077.7
2025-05-12T01:45:00+05:30,demand_mw,4027.59
2025-05-12T02:00:00+05:30,demand_mw,3958.77
2025-05-12T02:15:00+05:30,demand_mw,3899.97
2025-05-12T02:30:00+05:30,demand_mw,3859.67
2025-05-12T02:45:00+05:30,demand_mw,3806.05
2025-05-12T03:00:00+05:30,demand_mw,3756.41
2025-05-12T03:15:00+05:30,demand_mw,3710.32
2025-05-12T03:30:00+05:30,demand_mw,3671.17
2025-05-12T03:45:00+05:30,demand_mw,3637.92
2025-05-12T04:00:00+05:30,demand_mw,3588.85
2025-05-12T04:15:00+05:30,demand_mw,3587.79
2025-05-12T04:30:00+05:30,demand_mw,3598.62
2025-05-12T04:45:00+05:30,demand_mw,3588.35
2025-05-12T05:00:00+05:30,demand_mw,3591.94
2025-05-12T05:15:00+05:30,demand_mw,3626.01
2025-05-12T05:30:00+05:30,demand_mw,3629.74
2025-05-12T05:45:00+05:30,demand_mw,3648.77
2025-05-12T06:00:00+05:30,demand_mw,3647.02
2025-05-12T06:15:00+05:30,demand_mw,3620.09
2025-05-12T06:30:00+05:30,demand_mw,3629.72
2025-05-12T06:45:00+05:30,demand_mw,3593.43
2025-05-12T07:00:00+05:30,demand_mw,3541.3
2025-05-12T07:15:00+05:30,demand_mw,3488.53
2025-05-12T07:30:00+05:30,demand_mw,3419.75
2025-05-12T07:45:00+05:30,demand_mw,3307.77
2025-05-12T08:00:00+05:30,demand_mw,3295.22
2025-05-12T08:15:00+05:30,demand_mw,3324.32
2025-05-12T08:30:00+05:30,demand_mw,3315.42
2025-05-12T08:45:00+05:30,demand_mw,3311.1
2025-05-12T09:00:00+05:30,demand_mw,3354.06
2025-05-12T09:15:00+05:30,demand_mw,3422.35
2025-05-12T09:30:00+05:30,demand_mw,3512.21
2025-05-12T09:45:00+05:30,demand_mw,3610.68
2025-05-12T10:00:00+05:30,demand_mw,3593.08
2025-05-12T10:15:00+05:30,demand_mw,3608.62
2025-05-12T10:30:00+05:30,demand_mw,3587.06
2025-05-12T10:45:00+05:30,demand_mw,3586.16
2025-05-12T11:00:00+05:30,demand_mw,3589.68
2025-05-12T11:15:00+05:30,demand_mw,3544.57
2025-05-12T11:30:00+05:30,demand_mw,3538.77
2025-05-12T11:45:00+05:30,demand_mw,3540.62
2025-05-12T12:00:00+05:30,demand_mw,3536.38
2025-05-12T12:15:00+05:30,demand_mw,3550.81
2025-05-12T12:30:00+05:30,demand_mw,3491.22
2025-05-12T12:45:00+05:30,demand_mw,3515.77
2025-05-12T13:00:00+05:30,demand_mw,3520.81
2025-05-12T13:15:00+05:30,demand_mw,3533.31
2025-05-12T13:30:00+05:30,demand_mw,3576.43
2025-05-12T13:45:00+05:30,demand_mw,3648.98
2025-05-12T14:00:00+05:30,demand_mw,3738.76
2025-05-12T14:15:00+05:30,demand_mw,3860.98
2025-05-12T14:30:00+05:30,demand_mw,3987.46
2025-05-12T14:45:00+05:30,demand_mw,4104.31
2025-05-12T15:00:00+05:30,demand_mw,4159.75
2025-05-12T15:15:00+05:30,demand_mw,4164.67
2025-05-12T15:30:00+05:30,demand_mw,4186.76
2025-05-12T15:45:00+05:30,demand_mw,4234.53
2025-05-12T16:00:00+05:30,demand_mw,4255.94
2025-05-12T16:15:00+05:30,demand_mw,4280.87
2025-05-12T16:30:00+05:30,demand_mw,4297.69
2025-05-12T16:45:00+05:30,demand_mw,4315.27
2025-05-12T17:00:00+05:30,demand_mw,4308.28
2025-05-12T17:15:00+05:30,demand_mw,4318.43
2025-05-12T17:30:00+05:30,demand_mw,4312.0
2025-05-12T17:45:00+05:30,demand_mw,4307.72
2025-05-12T18:00:00+05:30,demand_mw,4249.37
2025-05-12T18:15:00+05:30,demand_mw,4274.72
2025-05-12T18:30:00+05:30,demand_mw,4430.22
2025-05-12T18:45:00+05:30,demand_mw,4661.09
2025-05-12T19:00:00+05:30,demand_mw,4817.67
2025-05-12T19:15:00+05:30,demand_mw,4828.58
2025-05-12T19:30:00+05:30,demand_mw,4817.39
2025-05-12T19:45:00+05:30,demand_mw,4813.09
2025-05-12T20:00:00+05:30,demand_mw,4821.16
2025-05-12T20:15:00+05:30,demand_mw,4812.32
2025-05-12T20:30:00+05:30,demand_mw,4791.67
2025-05-12T20:45:00+05:30,demand_mw,4794.62
2025-05-12T21:00:00+05:30,demand_mw,4822.86
2025-05-12T21:15:00+05:30,demand_mw,4892.87
2025-05-12T21:30:00+05:30,demand_mw,4944.42
2025-05-12T21:45:00+05:30,demand_mw,5026.02
2025-05-12T22:00:00+05:30,demand_mw,5062.84
2025-05-12T22:15:00+05:30,demand_mw,5111.2
2025-05-12T22:30:00+05:30,demand_mw,5123.57
2025-05-12T22:45:00+05:30,demand_mw,5092.05
2025-05-12T23:00:00+05:30,demand_mw,5054.74
2025-05-12T23:15:00+05:30,demand_mw,5013.65
2025-05-12T23:30:00+05:30,demand_mw,4934.67
2025-05-12T23:45:00+05:30,demand_mw,4863.95
2025-05-05T00:00:00+05:30,price_dam_inr_mwh,4070.6
2025-05-05T00:15:00+05:30,price_dam_inr_mwh,4000.37
2025-05-05T00:30:00+05:30,price_dam_inr_mwh,3969.97
2025-05-05T00:45:00+05:30,price_dam_inr_mwh,4000.29
2025-05-05T01:00:00+05:30,price_dam_inr_mwh,3936.58
2025-05-05T01:15:00+05:30,price_dam_inr_mwh,3610.71
2025-05-05T01:30:00+05:30,price_dam_inr_mwh,3551.69
2025-05-05T01:45:00+05:30,price_dam_inr_mwh,3560.96
2025-05-05T02:00:00+05:30,price_dam_inr_mwh,3554.1
2025-05-05T02:15:00+05:30,price_dam_inr_mwh,3554.62
2025-05-05T02:30:00+05:30,price_dam_inr_mwh,3567.04
2025-05-05T02:45:00+05:30,price_dam_inr_mwh,3551.25
2025-05-05T03:00:00+05:30,price_dam_inr_mwh,3409.97
2025-05-05T03:15:00+05:30,price_dam_inr_mwh,3409.15
2025-05-05T03:30:00+05:30,price_dam_inr_mwh,3341.92
2025-05-05T03:45:00+05:30,price_dam_inr_mwh,3341.52
2025-05-05T04:00:00+05:30,price_dam_inr_mwh,3324.72
2025-05-05T04:15:00+05:30,price_dam_inr_mwh,3324.4
2025-05-05T04:30:00+05:30,price_dam_inr_mwh,3324.2
2025-05-05T04:45:00+05:30,price_dam_inr_mwh,3324.24
2025-05-05T05:00:00+05:30,price_dam_inr_mwh,3080.82
2025-05-05T05:15:00+05:30,price_dam_inr_mwh,3271.72
2025-05-05T05:30:00+05:30,price_dam_inr_mwh,3400.19
2025-05-05T05:45:00+05:30,price_dam_inr_mwh,3437.53
2025-05-05T06:00:00+05:30,price_dam_inr_mwh,3930.07
2025-05-05T06:15:00+05:30,price_dam_inr_mwh,3650.0
2025-05-05T06:30:00+05:30,price_dam_inr_mwh,3510.27
2025-05-05T06:45:00+05:30,price_dam_inr_mwh,3422.02
2025-05-05T07:00:00+05:30,price_dam_inr_mwh,3188.96
2025-05-05T07:15:00+05:30,price_dam_inr_mwh,2948.24
2025-05-05T07:30:00+05:30,price_dam_inr_mwh,2750.64
2025-05-05T07:45:00+05:30,price_dam_inr_mwh,2396.23
2025-05-05T08:00:00+05:30,price_dam_inr_mwh,1999.44
2025-05-05T08:15:00+05:30,price_dam_inr_mwh,1999.61
2025-05-05T08:30:00+05:30,price_dam_inr_mwh,1804.52
2025-05-05T08:45:00+05:30,price_dam_inr_mwh,1794.02
2025-05-05T09:00:00+05:30,price_dam_inr_mwh,1757.08
2025-05-05T09:15:00+05:30,price_dam_inr_mwh,1766.33
2025-05-05T09:30:00+05:30,price_dam_inr_mwh,1699.51
2025-05-05T09:45:00+05:30,price_dam_inr_mwh,1699.66
2025-05-05T10:00:00+05:30,price_dam_inr_mwh,1699.22
2025-05-05T10:15:00+05:30,price_dam_inr_mwh,1719.73
2025-05-05T10:30:00+05:30,price_dam_inr_mwh,1699.66
2025-05-05T10:45:00+05:30,price_dam_inr_mwh,1699.63
2025-05-05T11:00:00+05:30,price_dam_inr_mwh,1674.42
2025-05-05T11:15:00+05:30,price_dam_inr_mwh,1643.17
2025-05-05T11:30:00+05:30,price_dam_inr_mwh,1643.93
2025-05-05T11:45:00+05:30,price_dam_inr_mwh,1674.32
2025-05-05T12:00:00+05:30,price_dam_inr_mwh,1676.03
2025-05-05T12:15:00+05:30,price_dam_inr_mwh,1676.48
2025-05-05T12:30:00+05:30,price_dam_inr_mwh,1676.38
2025-05-05T12:45:00+05:30,price_dam_inr_mwh,1676.42
2025-05-05T13:00:00+05:30,price_dam_inr_mwh,1674.52
2025-05-05T13:15:00+05:30,price_dam_inr_mwh,1674.06
2025-05-05T13:30:00+05:30,price_dam_inr_mwh,1674.85
2025-05-05T13:45:00+05:30,price_dam_inr_mwh,1676.31
2025-05-05T14:00:00+05:30,price_dam_inr_mwh,1999.09
2025-05-05T14:15:00+05:30,price_dam_inr_mwh,1999.47
2025-05-05T14:30:00+05:30,price_dam_inr_mwh,1999.99
2025-05-05T14:45:00+05:30,price_dam_inr_mwh,2000.37
2025-05-05T15:00:00+05:30,price_dam_inr_mwh,2396.82
2025-05-05T15:15:00+05:30,price_dam_inr_mwh,2400.45
2025-05-05T15:30:00+05:30,price_dam_inr_mwh,2800.65
2025-05-05T15:45:00+05:30,price_dam_inr_mwh,2849.01
2025-05-05T16:00:00+05:30,price_dam_inr_mwh,2902.83
2025-05-05T16:15:00+05:30,price_dam_inr_mwh,3150.46
2025-05-05T16:30:00+05:30,price_dam_inr_mwh,3200.98
2025-05-05T16:45:00+05:30,price_dam_inr_mwh,3200.42
2025-05-05T17:00:00+05:30,price_dam_inr_mwh,3300.83
2025-05-05T17:15:00+05:30,price_dam_inr_mwh,3422.12
2025-05-05T17:30:00+05:30,price_dam_inr_mwh,3422.76
2025-05-05T17:45:00+05:30,price_dam_inr_mwh,3499.89
2025-05-05T18:00:00+05:30,price_dam_inr_mwh,3549.61
2025-05-05T18:15:00+05:30,price_dam_inr_mwh,3692.66
2025-05-05T18:30:00+05:30,price_dam_inr_mwh,3930.04
2025-05-05T18:45:00+05:30,price_dam_inr_mwh,3840.67
2025-05-05T19:00:00+05:30,price_dam_inr_mwh,4582.85
2025-05-05T19:15:00+05:30,price_dam_inr_mwh,5200.94
2025-05-05T19:30:00+05:30,price_dam_inr_mwh,6700.53
2025-05-05T19:45:00+05:30,price_dam_inr_mwh,9909.57
2025-05-05T20:00:00+05:30,price_dam_inr_mwh,10000.0
2025-05-05T20:15:00+05:30,price_dam_inr_mwh,10000.0
2025-05-05T20:30:00+05:30,price_dam_inr_mwh,10000.0
2025-05-05T20:45:00+05:30,price_dam_inr_mwh,10000.0
2025-05-05T21:00:00+05:30,price_dam_inr_mwh,10000.0
2025-05-05T21:15:00+05:30,price_dam_inr_mwh,10000.0
2025-05-05T21:30:00+05:30,price_dam_inr_mwh,10000.0
2025-05-05T21:45:00+05:30,price_dam_inr_mwh,10000.0
2025-05-05T22:00:00+05:30,price_dam_inr_mwh,10000.0
2025-05-05T22:15:00+05:30,price_dam_inr_mwh,10000.0
2025-05-05T22:30:00+05:30,price_dam_inr_mwh,10000.0
2025-05-05T22:45:00+05:30,price_dam_inr_mwh,10000.0
2025-05-05T23:00:00+05:30,price_dam_inr_mwh,10000.0
2025-05-05T23:15:00+05:30,price_dam_inr_mwh,10000.0
2025-05-05T23:30:00+05:30,price_dam_inr_mwh,10000.0
2025-05-05T23:45:00+05:30,price_dam_inr_mwh,10000.0
2025-05-06T00:00:00+05:30,price_dam_inr_mwh,4500.72
2025-05-06T00:15:00+05:30,price_dam_inr_mwh,4500.42
2025-05-06T00:30:00+05:30,price_dam_inr_mwh,4433.91
2025-05-06T00:45:00+05:30,price_dam_inr_mwh,4428.85
2025-05-06T01:00:00+05:30,price_dam_inr_mwh,4409.79
2025-05-06T01:15:00+05:30,price_dam_inr_mwh,4379.4
2025-05-06T01:30:00+05:30,price_dam_inr_mwh,4249.6
2025-05-06T01:45:00+05:30,price_dam_inr_mwh,4179.68
2025-05-06T02:00:00+05:30,price_dam_inr_mwh,4169.9
2025-05-06T02:15:00+05:30,price_dam_inr_mwh,4159.86
2025-05-06T02:30:00+05:30,price_dam_inr_mwh,4159.25
2025-05-06T02:45:00+05:30,price_dam_inr_mwh,4029.7
2025-05-06T03:00:00+05:30,price_dam_inr_mwh,3930.91
2025-05-06T03:15:00+05:30,price_dam_inr_mwh,3930.12
2025-05-06T03:30:00+05:30,price_dam_inr_mwh,3877.25
2025-05-06T03:45:00+05:30,price_dam_inr_mwh,3692.91
2025-05-06T04:00:00+05:30,price_dam_inr_mwh,3700.18
2025-05-06T04:15:00+05:30,price_dam_inr_mwh,3845.75
2025-05-06T04:30:00+05:30,price_dam_inr_mwh,3845.8
2025-05-06T04:45:00+05:30,price_dam_inr_mwh,3800.45
2025-05-06T05:00:00+05:30,price_dam_inr_mwh,3230.86
2025-05-06T05:15:00+05:30,price_dam_inr_mwh,3692.15
2025-05-06T05:30:00+05:30,price_dam_inr_mwh,3639.04
2025-05-06T05:45:00+05:30,price_dam_inr_mwh,3499.38
2025-05-06T06:00:00+05:30,price_dam_inr_mwh,3649.36
2025-05-06T06:15:00+05:30,price_dam_inr_mwh,3502.66
2025-05-06T06:30:00+05:30,price_dam_inr_mwh,3451.65
2025-05-06T06:45:00+05:30,price_dam_inr_mwh,3300.8
2025-05-06T07:00:00+05:30,price_dam_inr_mwh,3135.48
2025-05-06T07:15:00+05:30,price_dam_inr_mwh,2902.86
2025-05-06T07:30:00+05:30,price_dam_inr_mwh,2750.02
2025-05-06T07:45:00+05:30,price_dam_inr_mwh,2395.46
2025-05-06T08:00:00+05:30,price_dam_inr_mwh,2249.11
2025-05-06T08:15:00+05:30,price_dam_inr_mwh,2249.27
2025-05-06T08:30:00+05:30,price_dam_inr_mwh,2012.59
2025-05-06T08:45:00+05:30,price_dam_inr_mwh,2000.37
2025-05-06T09:00:00+05:30,price_dam_inr_mwh,2000.86
2025-05-06T09:15:00+05:30,price_dam_inr_mwh,2240.37
2025-05-06T09:30:00+05:30,price_dam_inr_mwh,2012.65
2025-05-06T09:45:00+05:30,price_dam_inr_mwh,2099.97
2025-05-06T10:00:00+05:30,price_dam_inr_mwh,2000.14
2025-05-06T10:15:00+05:30,price_dam_inr_mwh,2000.18
2025-05-06T10:30:00+05:30,price_dam_inr_mwh,1999.97
2025-05-06T10:45:00+05:30,price_dam_inr_mwh,1999.89
2025-05-06T11:00:00+05:30,price_dam_inr_mwh,1999.35
2025-05-06T11:15:00+05:30,price_dam_inr_mwh,1889.9
2025-05-06T11:30:00+05:30,price_dam_inr_mwh,1966.25
2025-05-06T11:45:00+05:30,price_dam_inr_mwh,1966.7
2025-05-06T12:00:00+05:30,price_dam_inr_mwh,1980.85
2025-05-06T12:15:00+05:30,price_dam_inr_mwh,1995.01
2025-05-06T12:30:00+05:30,price_dam_inr_mwh,1999.02
2025-05-06T12:45:00+05:30,price_dam_inr_mwh,1999.09
2025-05-06T13:00:00+05:30,price_dam_inr_mwh,1995.82
2025-05-06T13:15:00+05:30,price_dam_inr_mwh,1999.04
2025-05-06T13:30:00+05:30,price_dam_inr_mwh,1999.29
2025-05-06T13:45:00+05:30,price_dam_inr_mwh,1999.42
2025-05-06T14:00:00+05:30,price_dam_inr_mwh,2395.47
2025-05-06T14:15:00+05:30,price_dam_inr_mwh,2395.95
2025-05-06T14:30:00+05:30,price_dam_inr_mwh,2395.9
2025-05-06T14:45:00+05:30,price_dam_inr_mwh,2500.28
2025-05-06T15:00:00+05:30,price_dam_inr_mwh,2800.4
2025-05-06T15:15:00+05:30,price_dam_inr_mwh,2849.72
2025-05-06T15:30:00+05:30,price_dam_inr_mwh,2902.58
2025-05-06T15:45:00+05:30,price_dam_inr_mwh,2902.25
2025-05-06T16:00:00+05:30,price_dam_inr_mwh,2902.25
2025-05-06T16:15:00+05:30,price_dam_inr_mwh,3000.14
2025-05-06T16:30:00+05:30,price_dam_inr_mwh,3200.09
2025-05-06T16:45:00+05:30,price_dam_inr_mwh,3422.17
2025-05-06T17:00:00+05:30,price_dam_inr_mwh,3451.34
2025-05-06T17:15:00+05:30,price_dam_inr_mwh,3599.1
2025-05-06T17:30:00+05:30,price_dam_inr_mwh,3877.86
2025-05-06T17:45:00+05:30,price_dam_inr_mwh,4040.04
2025-05-06T18:00:00+05:30,price_dam_inr_mwh,4000.19
2025-05-06T18:15:00+05:30,price_dam_inr_mwh,4225.98
2025-05-06T18:30:00+05:30,price_dam_inr_mwh,4400.27
2025-05-06T18:45:00+05:30,price_dam_inr_mwh,4582.76
2025-05-06T19:00:00+05:30,price_dam_inr_mwh,6700.77
2025-05-06T19:15:00+05:30,price_dam_inr_mwh,10000.0
2025-05-06T19:30:00+05:30,price_dam_inr_mwh,10000.0
2025-05-06T19:45:00+05:30,price_dam_inr_mwh,9799.02
2025-05-06T20:00:00+05:30,price_dam_inr_mwh,10000.0
2025-05-06T20:15:00+05:30,price_dam_inr_mwh,10000.0
2025-05-06T20:30:00+05:30,price_dam_inr_mwh,10000.0
2025-05-06T20:45:00+05:30,price_dam_inr_mwh,10000.0
2025-05-06T21:00:00+05:30,price_dam_inr_mwh,10000.0
2025-05-06T21:15:00+05:30,price_dam_inr_mwh,10000.0
2025-05-06T21:30:00+05:30,price_dam_inr_mwh,10000.0
2025-05-06T21:45:00+05:30,price_dam_inr_mwh,10000.0
2025-05-06T22:00:00+05:30,price_dam_inr_mwh,10000.0
2025-05-06T22:15:00+05:30,price_dam_inr_mwh,10000.0
2025-05-06T22:30:00+05:30,price_dam_inr_mwh,10000.0
2025-05-06T22:45:00+05:30,price_dam_inr_mwh,10000.0
2025-05-06T23:00:00+05:30,price_dam_inr_mwh,10000.0
2025-05-06T23:15:00+05:30,price_dam_inr_mwh,10000.0
2025-05-06T23:30:00+05:30,price_dam_inr_mwh,10000.0
2025-05-06T23:45:00+05:30,price_dam_inr_mwh,10000.0
2025-05-07T00:00:00+05:30,price_dam_inr_mwh,4433.07
2025-05-07T00:15:00+05:30,price_dam_inr_mwh,4289.68
2025-05-07T00:30:00+05:30,price_dam_inr_mwh,4169.36
2025-05-07T00:45:00+05:30,price_dam_inr_mwh,4000.11
2025-05-07T01:00:00+05:30,price_dam_inr_mwh,3930.99
2025-05-07T01:15:00+05:30,price_dam_inr_mwh,3930.1
2025-05-07T01:30:00+05:30,price_dam_inr_mwh,3692.15
2025-05-07T01:45:00+05:30,price_dam_inr_mwh,3639.71
2025-05-07T02:00:00+05:30,price_dam_inr_mwh,3565.49
2025-05-07T02:15:00+05:30,price_dam_inr_mwh,3564.06
2025-05-07T02:30:00+05:30,price_dam_inr_mwh,3500.6
2025-05-07T02:45:00+05:30,price_dam_inr_mwh,3499.28
2025-05-07T03:00:00+05:30,price_dam_inr_mwh,3451.46
2025-05-07T03:15:00+05:30,price_dam_inr_mwh,3451.12
2025-05-07T03:30:00+05:30,price_dam_inr_mwh,3427.21
2025-05-07T03:45:00+05:30,price_dam_inr_mwh,3422.3
2025-05-07T04:00:00+05:30,price_dam_inr_mwh,3410.63
2025-05-07T04:15:00+05:30,price_dam_inr_mwh,3399.2
2025-05-07T04:30:00+05:30,price_dam_inr_mwh,3391.51
2025-05-07T04:45:00+05:30,price_dam_inr_mwh,3399.45
2025-05-07T05:00:00+05:30,price_dam_inr_mwh,3030.68
2025-05-07T05:15:00+05:30,price_dam_inr_mwh,3228.95
2025-05-07T05:30:00+05:30,price_dam_inr_mwh,3228.66
2025-05-07T05:45:00+05:30,price_dam_inr_mwh,3228.95
2025-05-07T06:00:00+05:30,price_dam_inr_mwh,3422.77
2025-05-07T06:15:00+05:30,price_dam_inr_mwh,3422.65
2025-05-07T06:30:00+05:30,price_dam_inr_mwh,3300.24
2025-05-07T06:45:00+05:30,price_dam_inr_mwh,3149.18
2025-05-07T07:00:00+05:30,price_dam_inr_mwh,2948.52
2025-05-07T07:15:00+05:30,price_dam_inr_mwh,2902.2
2025-05-07T07:30:00+05:30,price_dam_inr_mwh,2400.31
2025-05-07T07:45:00+05:30,price_dam_inr_mwh,2395.32
2025-05-07T08:00:00+05:30,price_dam_inr_mwh,2000.81
2025-05-07T08:15:00+05:30,price_dam_inr_mwh,2000.22
2025-05-07T08:30:00+05:30,price_dam_inr_mwh,1999.81
2025-05-07T08:45:00+05:30,price_dam_inr_mwh,1999.59
2025-05-07T09:00:00+05:30,price_dam_inr_mwh,1999.43
2025-05-07T09:15:00+05:30,price_dam_inr_mwh,1999.52
2025-05-07T09:30:00+05:30,price_dam_inr_mwh,1999.38
2025-05-07T09:45:00+05:30,price_dam_inr_mwh,1999.44
2025-05-07T10:00:00+05:30,price_dam_inr_mwh,1999.23
2025-05-07T10:15:00+05:30,price_dam_inr_mwh,1999.31
2025-05-07T10:30:00+05:30,price_dam_inr_mwh,1999.37
2025-05-07T10:45:00+05:30,price_dam_inr_mwh,1999.38
2025-05-07T11:00:00+05:30,price_dam_inr_mwh,1980.98
2025-05-07T11:15:00+05:30,price_dam_inr_mwh,1900.7
2025-05-07T11:30:00+05:30,price_dam_inr_mwh,1900.69
2025-05-07T11:45:00+05:30,price_dam_inr_mwh,1900.6
2025-05-07T12:00:00+05:30,price_dam_inr_mwh,1900.65
2025-05-07T12:15:00+05:30,price_dam_inr_mwh,1900.61
2025-05-07T12:30:00+05:30,price_dam_inr_mwh,1900.7
2025-05-07T12:45:00+05:30,price_dam_inr_mwh,1900.73
2025-05-07T13:00:00+05:30,price_dam_inr_mwh,1900.6
2025-05-07T13:15:00+05:30,price_dam_inr_mwh,1900.57
2025-05-07T13:30:00+05:30,price_dam_inr_mwh,1900.88
2025-05-07T13:45:00+05:30,price_dam_inr_mwh,1980.33
2025-05-07T14:00:00+05:30,price_dam_inr_mwh,2371.82
2025-05-07T14:15:00+05:30,price_dam_inr_mwh,2395.23
2025-05-07T14:30:00+05:30,price_dam_inr_mwh,2395.88
2025-05-07T14:45:00+05:30,price_dam_inr_mwh,2600.05
2025-05-07T15:00:00+05:30,price_dam_inr_mwh,2849.26
2025-05-07T15:15:00+05:30,price_dam_inr_mwh,2902.14
2025-05-07T15:30:00+05:30,price_dam_inr_mwh,2903.0
2025-05-07T15:45:00+05:30,price_dam_inr_mwh,2902.56
2025-05-07T16:00:00+05:30,price_dam_inr_mwh,2948.69
2025-05-07T16:15:00+05:30,price_dam_inr_mwh,3030.62
2025-05-07T16:30:00+05:30,price_dam_inr_mwh,3300.02
2025-05-07T16:45:00+05:30,price_dam_inr_mwh,3327.98
2025-05-07T17:00:00+05:30,price_dam_inr_mwh,3236.54
2025-05-07T17:15:00+05:30,price_dam_inr_mwh,3300.54
2025-05-07T17:30:00+05:30,price_dam_inr_mwh,3422.38
2025-05-07T17:45:00+05:30,price_dam_inr_mwh,3451.89
2025-05-07T18:00:00+05:30,price_dam_inr_mwh,3542.22
2025-05-07T18:15:00+05:30,price_dam_inr_mwh,3877.33
2025-05-07T18:30:00+05:30,price_dam_inr_mwh,4170.79
2025-05-07T18:45:00+05:30,price_dam_inr_mwh,4409.66
2025-05-07T19:00:00+05:30,price_dam_inr_mwh,4582.73
2025-05-07T19:15:00+05:30,price_dam_inr_mwh,5079.66
2025-05-07T19:30:00+05:30,price_dam_inr_mwh,5450.34
2025-05-07T19:45:00+05:30,price_dam_inr_mwh,5075.7
2025-05-07T20:00:00+05:30,price_dam_inr_mwh,5022.82
2025-05-07T20:15:00+05:30,price_dam_inr_mwh,5000.47
2025-05-07T20:30:00+05:30,price_dam_inr_mwh,5075.3
2025-05-07T20:45:00+05:30,price_dam_inr_mwh,5075.09
2025-05-07T21:00:00+05:30,price_dam_inr_mwh,6281.2
2025-05-07T21:15:00+05:30,price_dam_inr_mwh,5400.46
2025-05-07T21:30:00+05:30,price_dam_inr_mwh,5400.28
2025-05-07T21:45:00+05:30,price_dam_inr_mwh,6499.53
2025-05-07T22:00:00+05:30,price_dam_inr_mwh,9499.39
2025-05-07T22:15:00+05:30,price_dam_inr_mwh,9909.33
2025-05-07T22:30:00+05:30,price_dam_inr_mwh,9909.96
2025-05-07T22:45:00+05:30,price_dam_inr_mwh,9999.44
2025-05-07T23:00:00+05:30,price_dam_inr_mwh,9499.83
2025-05-07T23:15:00+05:30,price_dam_inr_mwh,9999.18
2025-05-07T23:30:00+05:30,price_dam_inr_mwh,9085.66
2025-05-07T23:45:00+05:30,price_dam_inr_mwh,9066.68
2025-05-08T00:00:00+05:30,price_dam_inr_mwh,4052.6
2025-05-08T00:15:00+05:30,price_dam_inr_mwh,3771.61
2025-05-08T00:30:00+05:30,price_dam_inr_mwh,3585.38
2025-05-08T00:45:00+05:30,price_dam_inr_mwh,3560.6
2025-05-08T01:00:00+05:30,price_dam_inr_mwh,3406.65
2025-05-08T01:15:00+05:30,price_dam_inr_mwh,3381.86
2025-05-08T01:30:00+05:30,price_dam_inr_mwh,3381.49
2025-05-08T01:45:00+05:30,price_dam_inr_mwh,3381.79
2025-05-08T02:00:00+05:30,price_dam_inr_mwh,3381.98
2025-05-08T02:15:00+05:30,price_dam_inr_mwh,3381.7
2025-05-08T02:30:00+05:30,price_dam_inr_mwh,3381.41
2025-05-08T02:45:00+05:30,price_dam_inr_mwh,3381.23
2025-05-08T03:00:00+05:30,price_dam_inr_mwh,3244.12
2025-05-08T03:15:00+05:30,price_dam_inr_mwh,3205.08
2025-05-08T03:30:00+05:30,price_dam_inr_mwh,3080.76
2025-05-08T03:45:00+05:30,price_dam_inr_mwh,3080.23
2025-05-08T04:00:00+05:30,price_dam_inr_mwh,3070.63
2025-05-08T04:15:00+05:30,price_dam_inr_mwh,3070.85
2025-05-08T04:30:00+05:30,price_dam_inr_mwh,3080.0
2025-05-08T04:45:00+05:30,price_dam_inr_mwh,3080.29
2025-05-08T05:00:00+05:30,price_dam_inr_mwh,3070.11
2025-05-08T05:15:00+05:30,price_dam_inr_mwh,3070.95
2025-05-08T05:30:00+05:30,price_dam_inr_mwh,3080.64
2025-05-08T05:45:00+05:30,price_dam_inr_mwh,3200.37
2025-05-08T06:00:00+05:30,price_dam_inr_mwh,3406.87
2025-05-08T06:15:00+05:30,price_dam_inr_mwh,3406.7
2025-05-08T06:30:00+05:30,price_dam_inr_mwh,3300.48
2025-05-08T06:45:00+05:30,price_dam_inr_mwh,3070.94
2025-05-08T07:00:00+05:30,price_dam_inr_mwh,3070.35
2025-05-08T07:15:00+05:30,price_dam_inr_mwh,2902.57
2025-05-08T07:30:00+05:30,price_dam_inr_mwh,2569.67
2025-05-08T07:45:00+05:30,price_dam_inr_mwh,2395.78
2025-05-08T08:00:00+05:30,price_dam_inr_mwh,1999.35
2025-05-08T08:15:00+05:30,price_dam_inr_mwh,1999.02
2025-05-08T08:30:00+05:30,price_dam_inr_mwh,1999.01
2025-05-08T08:45:00+05:30,price_dam_inr_mwh,1800.98
2025-05-08T09:00:00+05:30,price_dam_inr_mwh,1800.72
2025-05-08T09:15:00+05:30,price_dam_inr_mwh,1800.48
2025-05-08T09:30:00+05:30,price_dam_inr_mwh,1800.28
2025-05-08T09:45:00+05:30,price_dam_inr_mwh,1800.13
2025-05-08T10:00:00+05:30,price_dam_inr_mwh,1731.45
2025-05-08T10:15:00+05:30,price_dam_inr_mwh,1731.28
2025-05-08T10:30:00+05:30,price_dam_inr_mwh,1769.13
2025-05-08T10:45:00+05:30,price_dam_inr_mwh,1769.87
2025-05-08T11:00:00+05:30,price_dam_inr_mwh,1731.6
2025-05-08T11:15:00+05:30,price_dam_inr_mwh,1769.73
2025-05-08T11:30:00+05:30,price_dam_inr_mwh,1800.26
2025-05-08T11:45:00+05:30,price_dam_inr_mwh,1800.61
2025-05-08T12:00:00+05:30,price_dam_inr_mwh,1800.74
2025-05-08T12:15:00+05:30,price_dam_inr_mwh,1800.89
2025-05-08T12:30:00+05:30,price_dam_inr_mwh,1870.39
2025-05-08T12:45:00+05:30,price_dam_inr_mwh,1870.39
2025-05-08T13:00:00+05:30,price_dam_inr_mwh,1800.92
2025-05-08T13:15:00+05:30,price_dam_inr_mwh,1800.97
2025-05-08T13:30:00+05:30,price_dam_inr_mwh,1999.05
2025-05-08T13:45:00+05:30,price_dam_inr_mwh,1999.45
2025-05-08T14:00:00+05:30,price_dam_inr_mwh,1999.93
2025-05-08T14:15:00+05:30,price_dam_inr_mwh,2118.34
2025-05-08T14:30:00+05:30,price_dam_inr_mwh,2395.69
2025-05-08T14:45:00+05:30,price_dam_inr_mwh,2693.86
2025-05-08T15:00:00+05:30,price_dam_inr_mwh,2780.56
2025-05-08T15:15:00+05:30,price_dam_inr_mwh,2902.06
2025-05-08T15:30:00+05:30,price_dam_inr_mwh,2922.76
2025-05-08T15:45:00+05:30,price_dam_inr_mwh,2922.49
2025-05-08T16:00:00+05:30,price_dam_inr_mwh,3070.56
2025-05-08T16:15:00+05:30,price_dam_inr_mwh,3381.11
2025-05-08T16:30:00+05:30,price_dam_inr_mwh,3416.02
2025-05-08T16:45:00+05:30,price_dam_inr_mwh,3451.15
2025-05-08T17:00:00+05:30,price_dam_inr_mwh,3416.67
2025-05-08T17:15:00+05:30,price_dam_inr_mwh,3451.29
2025-05-08T17:30:00+05:30,price_dam_inr_mwh,3451.71
2025-05-08T17:45:00+05:30,price_dam_inr_mwh,3565.17
2025-05-08T18:00:00+05:30,price_dam_inr_mwh,3585.97
2025-05-08T18:15:00+05:30,price_dam_inr_mwh,3692.41
2025-05-08T18:30:00+05:30,price_dam_inr_mwh,3837.48
2025-05-08T18:45:00+05:30,price_dam_inr_mwh,3969.27
2025-05-08T19:00:00+05:30,price_dam_inr_mwh,4261.47
2025-05-08T19:15:00+05:30,price_dam_inr_mwh,4649.65
2025-05-08T19:30:00+05:30,price_dam_inr_mwh,4900.34
2025-05-08T19:45:00+05:30,price_dam_inr_mwh,5075.97
2025-05-08T20:00:00+05:30,price_dam_inr_mwh,5000.95
2025-05-08T20:15:00+05:30,price_dam_inr_mwh,5000.94
2025-05-08T20:30:00+05:30,price_dam_inr_mwh,5800.83
2025-05-08T20:45:00+05:30,price_dam_inr_mwh,5600.92
2025-05-08T21:00:00+05:30,price_dam_inr_mwh,6999.59
2025-05-08T21:15:00+05:30,price_dam_inr_mwh,6200.39
2025-05-08T21:30:00+05:30,price_dam_inr_mwh,5800.24
2025-05-08T21:45:00+05:30,price_dam_inr_mwh,6238.81
2025-05-08T22:00:00+05:30,price_dam_inr_mwh,7383.8
2025-05-08T22:15:00+05:30,price_dam_inr_mwh,7499.71
2025-05-08T22:30:00+05:30,price_dam_inr_mwh,9909.91
2025-05-08T22:45:00+05:30,price_dam_inr_mwh,9999.52
2025-05-08T23:00:00+05:30,price_dam_inr_mwh,9909.97
2025-05-08T23:15:00+05:30,price_dam_inr_mwh,9621.82
2025-05-08T23:30:00+05:30,price_dam_inr_mwh,7200.0
2025-05-08T23:45:00+05:30,price_dam_inr_mwh,6999.5
2025-05-09T00:00:00+05:30,price_dam_inr_mwh,4433.93
2025-05-09T00:15:00+05:30,price_dam_inr_mwh,4013.71
2025-05-09T00:30:00+05:30,price_dam_inr_mwh,3969.8
2025-05-09T00:45:00+05:30,price_dam_inr_mwh,4008.63
2025-05-09T01:00:00+05:30,price_dam_inr_mwh,3700.96
2025-05-09T01:15:00+05:30,price_dam_inr_mwh,3589.74
2025-05-09T01:30:00+05:30,price_dam_inr_mwh,3558.43
2025-05-09T01:45:00+05:30,price_dam_inr_mwh,3565.83
2025-05-09T02:00:00+05:30,price_dam_inr_mwh,3551.65
2025-05-09T02:15:00+05:30,price_dam_inr_mwh,3532.67
2025-05-09T02:30:00+05:30,price_dam_inr_mwh,3540.33
2025-05-09T02:45:00+05:30,price_dam_inr_mwh,3503.86
2025-05-09T03:00:00+05:30,price_dam_inr_mwh,3448.95
2025-05-09T03:15:00+05:30,price_dam_inr_mwh,3409.78
2025-05-09T03:30:00+05:30,price_dam_inr_mwh,3409.01
2025-05-09T03:45:00+05:30,price_dam_inr_mwh,3358.14
2025-05-09T04:00:00+05:30,price_dam_inr_mwh,3364.8
2025-05-09T04:15:00+05:30,price_dam_inr_mwh,3399.4
2025-05-09T04:30:00+05:30,price_dam_inr_mwh,3409.89
2025-05-09T04:45:00+05:30,price_dam_inr_mwh,3429.04
2025-05-09T05:00:00+05:30,price_dam_inr_mwh,3339.83
2025-05-09T05:15:00+05:30,price_dam_inr_mwh,3409.91
2025-05-09T05:30:00+05:30,price_dam_inr_mwh,3546.82
2025-05-09T05:45:00+05:30,price_dam_inr_mwh,3558.89
2025-05-09T06:00:00+05:30,price_dam_inr_mwh,3639.56
2025-05-09T06:15:00+05:30,price_dam_inr_mwh,3549.36
2025-05-09T06:30:00+05:30,price_dam_inr_mwh,3451.26
2025-05-09T06:45:00+05:30,price_dam_inr_mwh,3305.83
2025-05-09T07:00:00+05:30,price_dam_inr_mwh,3300.7
2025-05-09T07:15:00+05:30,price_dam_inr_mwh,3000.56
2025-05-09T07:30:00+05:30,price_dam_inr_mwh,2693.08
2025-05-09T07:45:00+05:30,price_dam_inr_mwh,2400.03
2025-05-09T08:00:00+05:30,price_dam_inr_mwh,2112.19
2025-05-09T08:15:00+05:30,price_dam_inr_mwh,1999.99
2025-05-09T08:30:00+05:30,price_dam_inr_mwh,1999.85
2025-05-09T08:45:00+05:30,price_dam_inr_mwh,1999.39
2025-05-09T09:00:00+05:30,price_dam_inr_mwh,1999.51
2025-05-09T09:15:00+05:30,price_dam_inr_mwh,1999.52
2025-05-09T09:30:00+05:30,price_dam_inr_mwh,1999.35
2025-05-09T09:45:00+05:30,price_dam_inr_mwh,1999.21
2025-05-09T10:00:00+05:30,price_dam_inr_mwh,1800.9
2025-05-09T10:15:00+05:30,price_dam_inr_mwh,1889.83
2025-05-09T10:30:00+05:30,price_dam_inr_mwh,1999.28
2025-05-09T10:45:00+05:30,price_dam_inr_mwh,1999.39
2025-05-09T11:00:00+05:30,price_dam_inr_mwh,1999.51
2025-05-09T11:15:00+05:30,price_dam_inr_mwh,1999.96
2025-05-09T11:30:00+05:30,price_dam_inr_mwh,2200.8
2025-05-09T11:45:00+05:30,price_dam_inr_mwh,2569.51
2025-05-09T12:00:00+05:30,price_dam_inr_mwh,2780.32
2025-05-09T12:15:00+05:30,price_dam_inr_mwh,2799.16
2025-05-09T12:30:00+05:30,price_dam_inr_mwh,2799.71
2025-05-09T12:45:00+05:30,price_dam_inr_mwh,2450.77
2025-05-09T13:00:00+05:30,price_dam_inr_mwh,2500.82
2025-05-09T13:15:00+05:30,price_dam_inr_mwh,2569.22
2025-05-09T13:30:00+05:30,price_dam_inr_mwh,2569.99
2025-05-09T13:45:00+05:30,price_dam_inr_mwh,2887.07
2025-05-09T14:00:00+05:30,price_dam_inr_mwh,2902.4
2025-05-09T14:15:00+05:30,price_dam_inr_mwh,2902.88
2025-05-09T14:30:00+05:30,price_dam_inr_mwh,2942.27
2025-05-09T14:45:00+05:30,price_dam_inr_mwh,2971.37
2025-05-09T15:00:00+05:30,price_dam_inr_mwh,2971.47
2025-05-09T15:15:00+05:30,price_dam_inr_mwh,2972.0
2025-05-09T15:30:00+05:30,price_dam_inr_mwh,3070.4
2025-05-09T15:45:00+05:30,price_dam_inr_mwh,3070.68
2025-05-09T16:00:00+05:30,price_dam_inr_mwh,3178.72
2025-05-09T16:15:00+05:30,price_dam_inr_mwh,3390.09
2025-05-09T16:30:00+05:30,price_dam_inr_mwh,3433.45
2025-05-09T16:45:00+05:30,price_dam_inr_mwh,3451.58
2025-05-09T17:00:00+05:30,price_dam_inr_mwh,3527.2
2025-05-09T17:15:00+05:30,price_dam_inr_mwh,3639.92
2025-05-09T17:30:00+05:30,price_dam_inr_mwh,3900.17
2025-05-09T17:45:00+05:30,price_dam_inr_mwh,4040.02
2025-05-09T18:00:00+05:30,price_dam_inr_mwh,3969.22
2025-05-09T18:15:00+05:30,price_dam_inr_mwh,4140.09
2025-05-09T18:30:00+05:30,price_dam_inr_mwh,4433.93
2025-05-09T18:45:00+05:30,price_dam_inr_mwh,4649.67
2025-05-09T19:00:00+05:30,price_dam_inr_mwh,7069.12
2025-05-09T19:15:00+05:30,price_dam_inr_mwh,8029.27
2025-05-09T19:30:00+05:30,price_dam_inr_mwh,9909.06
2025-05-09T19:45:00+05:30,price_dam_inr_mwh,10000.0
2025-05-09T20:00:00+05:30,price_dam_inr_mwh,9909.88
2025-05-09T20:15:00+05:30,price_dam_inr_mwh,9999.22
2025-05-09T20:30:00+05:30,price_dam_inr_mwh,10000.0
2025-05-09T20:45:00+05:30,price_dam_inr_mwh,10000.0
2025-05-09T21:00:00+05:30,price_dam_inr_mwh,10000.0
2025-05-09T21:15:00+05:30,price_dam_inr_mwh,10000.0
2025-05-09T21:30:00+05:30,price_dam_inr_mwh,10000.0
2025-05-09T21:45:00+05:30,price_dam_inr_mwh,10000.0
2025-05-09T22:00:00+05:30,price_dam_inr_mwh,10000.0
2025-05-09T22:15:00+05:30,price_dam_inr_mwh,10000.0
2025-05-09T22:30:00+05:30,price_dam_inr_mwh,10000.0
2025-05-09T22:45:00+05:30,price_dam_inr_mwh,10000.0
2025-05-09T23:00:00+05:30,price_dam_inr_mwh,10000.0
2025-05-09T23:15:00+05:30,price_dam_inr_mwh,10000.0
2025-05-09T23:30:00+05:30,price_dam_inr_mwh,10000.0
2025-05-09T23:45:00+05:30,price_dam_inr_mwh,10000.0
2025-05-10T00:00:00+05:30,price_dam_inr_mwh,10000.0
2025-05-10T00:15:00+05:30,price_dam_inr_mwh,7502.5
2025-05-10T00:30:00+05:30,price_dam_inr_mwh,5075.89
2025-05-10T00:45:00+05:30,price_dam_inr_mwh,4791.06
2025-05-10T01:00:00+05:30,price_dam_inr_mwh,4591.68
2025-05-10T01:15:00+05:30,price_dam_inr_mwh,4433.99
2025-05-10T01:30:00+05:30,price_dam_inr_mwh,4433.33
2025-05-10T01:45:00+05:30,price_dam_inr_mwh,4409.14
2025-05-10T02:00:00+05:30,price_dam_inr_mwh,4255.68
2025-05-10T02:15:00+05:30,price_dam_inr_mwh,4250.09
2025-05-10T02:30:00+05:30,price_dam_inr_mwh,4100.19
2025-05-10T02:45:00+05:30,price_dam_inr_mwh,4000.54
2025-05-10T03:00:00+05:30,price_dam_inr_mwh,4100.17
2025-05-10T03:15:00+05:30,price_dam_inr_mwh,3949.61
2025-05-10T03:30:00+05:30,price_dam_inr_mwh,3800.88
2025-05-10T03:45:00+05:30,price_dam_inr_mwh,3610.31
2025-05-10T04:00:00+05:30,price_dam_inr_mwh,3949.06
2025-05-10T04:15:00+05:30,price_dam_inr_mwh,3800.57
2025-05-10T04:30:00+05:30,price_dam_inr_mwh,4029.53
2025-05-10T04:45:00+05:30,price_dam_inr_mwh,4100.27
2025-05-10T05:00:00+05:30,price_dam_inr_mwh,3649.07
2025-05-10T05:15:00+05:30,price_dam_inr_mwh,4100.51
2025-05-10T05:30:00+05:30,price_dam_inr_mwh,4260.0
2025-05-10T05:45:00+05:30,price_dam_inr_mwh,4250.46
2025-05-10T06:00:00+05:30,price_dam_inr_mwh,4289.07
2025-05-10T06:15:00+05:30,price_dam_inr_mwh,4199.55
2025-05-10T06:30:00+05:30,price_dam_inr_mwh,3877.89
2025-05-10T06:45:00+05:30,price_dam_inr_mwh,3565.13
2025-05-10T07:00:00+05:30,price_dam_inr_mwh,3429.6
2025-05-10T07:15:00+05:30,price_dam_inr_mwh,3190.58
2025-05-10T07:30:00+05:30,price_dam_inr_mwh,2902.4
2025-05-10T07:45:00+05:30,price_dam_inr_mwh,2750.31
2025-05-10T08:00:00+05:30,price_dam_inr_mwh,1999.58
2025-05-10T08:15:00+05:30,price_dam_inr_mwh,1999.26
2025-05-10T08:30:00+05:30,price_dam_inr_mwh,1999.22
2025-05-10T08:45:00+05:30,price_dam_inr_mwh,1948.1
2025-05-10T09:00:00+05:30,price_dam_inr_mwh,1851.64
2025-05-10T09:15:00+05:30,price_dam_inr_mwh,1889.68
2025-05-10T09:30:00+05:30,price_dam_inr_mwh,1853.55
2025-05-10T09:45:00+05:30,price_dam_inr_mwh,1869.99
2025-05-10T10:00:00+05:30,price_dam_inr_mwh,1799.7
2025-05-10T10:15:00+05:30,price_dam_inr_mwh,1847.9
2025-05-10T10:30:00+05:30,price_dam_inr_mwh,1999.18
2025-05-10T10:45:00+05:30,price_dam_inr_mwh,1999.36
2025-05-10T11:00:00+05:30,price_dam_inr_mwh,1999.57
2025-05-10T11:15:00+05:30,price_dam_inr_mwh,1999.68
2025-05-10T11:30:00+05:30,price_dam_inr_mwh,1999.71
2025-05-10T11:45:00+05:30,price_dam_inr_mwh,1999.71
2025-05-10T12:00:00+05:30,price_dam_inr_mwh,1999.83
2025-05-10T12:15:00+05:30,price_dam_inr_mwh,1999.87
2025-05-10T12:30:00+05:30,price_dam_inr_mwh,1999.96
2025-05-10T12:45:00+05:30,price_dam_inr_mwh,1999.81
2025-05-10T13:00:00+05:30,price_dam_inr_mwh,1999.75
2025-05-10T13:15:00+05:30,price_dam_inr_mwh,1999.9
2025-05-10T13:30:00+05:30,price_dam_inr_mwh,2000.53
2025-05-10T13:45:00+05:30,price_dam_inr_mwh,2240.84
2025-05-10T14:00:00+05:30,price_dam_inr_mwh,2400.33
2025-05-10T14:15:00+05:30,price_dam_inr_mwh,2490.07
2025-05-10T14:30:00+05:30,price_dam_inr_mwh,2780.85
2025-05-10T14:45:00+05:30,price_dam_inr_mwh,2902.4
2025-05-10T15:00:00+05:30,price_dam_inr_mwh,2922.26
2025-05-10T15:15:00+05:30,price_dam_inr_mwh,2971.2
2025-05-10T15:30:00+05:30,price_dam_inr_mwh,2971.77
2025-05-10T15:45:00+05:30,price_dam_inr_mwh,2971.86
2025-05-10T16:00:00+05:30,price_dam_inr_mwh,3070.19
2025-05-10T16:15:00+05:30,price_dam_inr_mwh,3399.94
2025-05-10T16:30:00+05:30,price_dam_inr_mwh,3416.68
2025-05-10T16:45:00+05:30,price_dam_inr_mwh,3451.06
2025-05-10T17:00:00+05:30,price_dam_inr_mwh,3500.09
2025-05-10T17:15:00+05:30,price_dam_inr_mwh,3639.06
2025-05-10T17:30:00+05:30,price_dam_inr_mwh,3877.34
2025-05-10T17:45:00+05:30,price_dam_inr_mwh,3979.09
2025-05-10T18:00:00+05:30,price_dam_inr_mwh,3930.66
2025-05-10T18:15:00+05:30,price_dam_inr_mwh,4000.4
2025-05-10T18:30:00+05:30,price_dam_inr_mwh,4250.54
2025-05-10T18:45:00+05:30,price_dam_inr_mwh,4433.1
2025-05-10T19:00:00+05:30,price_dam_inr_mwh,5999.41
2025-05-10T19:15:00+05:30,price_dam_inr_mwh,9009.28
2025-05-10T19:30:00+05:30,price_dam_inr_mwh,9909.74
2025-05-10T19:45:00+05:30,price_dam_inr_mwh,10000.0
2025-05-10T20:00:00+05:30,price_dam_inr_mwh,9909.48
2025-05-10T20:15:00+05:30,price_dam_inr_mwh,9909.87
2025-05-10T20:30:00+05:30,price_dam_inr_mwh,10000.0
2025-05-10T20:45:00+05:30,price_dam_inr_mwh,10000.0
2025-05-10T21:00:00+05:30,price_dam_inr_mwh,10000.0
2025-05-10T21:15:00+05:30,price_dam_inr_mwh,10000.0
2025-05-10T21:30:00+05:30,price_dam_inr_mwh,10000.0
2025-05-10T21:45:00+05:30,price_dam_inr_mwh,10000.0
2025-05-10T22:00:00+05:30,price_dam_inr_mwh,10000.0
2025-05-10T22:15:00+05:30,price_dam_inr_mwh,10000.0
2025-05-10T22:30:00+05:30,price_dam_inr_mwh,10000.0
2025-05-10T22:45:00+05:30,price_dam_inr_mwh,10000.0
2025-05-10T23:00:00+05:30,price_dam_inr_mwh,10000.0
2025-05-10T23:15:00+05:30,price_dam_inr_mwh,10000.0
2025-05-10T23:30:00+05:30,price_dam_inr_mwh,10000.0
2025-05-10T23:45:00+05:30,price_dam_inr_mwh,10000.0
2025-05-11T00:00:00+05:30,price_dam_inr_mwh,10000.0
2025-05-11T00:15:00+05:30,price_dam_inr_mwh,5900.83
2025-05-11T00:30:00+05:30,price_dam_inr_mwh,5079.22
2025-05-11T00:45:00+05:30,price_dam_inr_mwh,5000.7
2025-05-11T01:00:00+05:30,price_dam_inr_mwh,5000.61
2025-05-11T01:15:00+05:30,price_dam_inr_mwh,4791.92
2025-05-11T01:30:00+05:30,price_dam_inr_mwh,4791.37
2025-05-11T01:45:00+05:30,price_dam_inr_mwh,4730.94
2025-05-11T02:00:00+05:30,price_dam_inr_mwh,4600.49
2025-05-11T02:15:00+05:30,price_dam_inr_mwh,4579.25
2025-05-11T02:30:00+05:30,price_dam_inr_mwh,4433.82
2025-05-11T02:45:00+05:30,price_dam_inr_mwh,4409.51
2025-05-11T03:00:00+05:30,price_dam_inr_mwh,4499.8
2025-05-11T03:15:00+05:30,price_dam_inr_mwh,4433.54
2025-05-11T03:30:00+05:30,price_dam_inr_mwh,4409.07
2025-05-11T03:45:00+05:30,price_dam_inr_mwh,4261.99
2025-05-11T04:00:00+05:30,price_dam_inr_mwh,4259.14
2025-05-11T04:15:00+05:30,price_dam_inr_mwh,4259.2
2025-05-11T04:30:00+05:30,price_dam_inr_mwh,4259.08
2025-05-11T04:45:00+05:30,price_dam_inr_mwh,4261.38
2025-05-11T05:00:00+05:30,price_dam_inr_mwh,4250.92
2025-05-11T05:15:00+05:30,price_dam_inr_mwh,4261.08
2025-05-11T05:30:00+05:30,price_dam_inr_mwh,4261.7
2025-05-11T05:45:00+05:30,price_dam_inr_mwh,4250.54
2025-05-11T06:00:00+05:30,price_dam_inr_mwh,4261.35
2025-05-11T06:15:00+05:30,price_dam_inr_mwh,3990.73
2025-05-11T06:30:00+05:30,price_dam_inr_mwh,3837.08
2025-05-11T06:45:00+05:30,price_dam_inr_mwh,3565.35
2025-05-11T07:00:00+05:30,price_dam_inr_mwh,3451.17
2025-05-11T07:15:00+05:30,price_dam_inr_mwh,3250.84
2025-05-11T07:30:00+05:30,price_dam_inr_mwh,2971.72
2025-05-11T07:45:00+05:30,price_dam_inr_mwh,2750.52
2025-05-11T08:00:00+05:30,price_dam_inr_mwh,2000.72
2025-05-11T08:15:00+05:30,price_dam_inr_mwh,1999.56
2025-05-11T08:30:00+05:30,price_dam_inr_mwh,1769.59
2025-05-11T08:45:00+05:30,price_dam_inr_mwh,1731.63
2025-05-11T09:00:00+05:30,price_dam_inr_mwh,1699.47
2025-05-11T09:15:00+05:30,price_dam_inr_mwh,1600.52
2025-05-11T09:30:00+05:30,price_dam_inr_mwh,1600.22
2025-05-11T09:45:00+05:30,price_dam_inr_mwh,1510.87
2025-05-11T10:00:00+05:30,price_dam_inr_mwh,1500.04
2025-05-11T10:15:00+05:30,price_dam_inr_mwh,1491.0
2025-05-11T10:30:00+05:30,price_dam_inr_mwh,1539.65
2025-05-11T10:45:00+05:30,price_dam_inr_mwh,1517.11
2025-05-11T11:00:00+05:30,price_dam_inr_mwh,1714.63
2025-05-11T11:15:00+05:30,price_dam_inr_mwh,1714.75
2025-05-11T11:30:00+05:30,price_dam_inr_mwh,1714.66
2025-05-11T11:45:00+05:30,price_dam_inr_mwh,1714.83
2025-05-11T12:00:00+05:30,price_dam_inr_mwh,1769.46
2025-05-11T12:15:00+05:30,price_dam_inr_mwh,1776.13
2025-05-11T12:30:00+05:30,price_dam_inr_mwh,1776.1
2025-05-11T12:45:00+05:30,price_dam_inr_mwh,1776.27
2025-05-11T13:00:00+05:30,price_dam_inr_mwh,1769.09
2025-05-11T13:15:00+05:30,price_dam_inr_mwh,1769.1
2025-05-11T13:30:00+05:30,price_dam_inr_mwh,1776.17
2025-05-11T13:45:00+05:30,price_dam_inr_mwh,1776.56
2025-05-11T14:00:00+05:30,price_dam_inr_mwh,1794.74
2025-05-11T14:15:00+05:30,price_dam_inr_mwh,1990.14
2025-05-11T14:30:00+05:30,price_dam_inr_mwh,1999.19
2025-05-11T14:45:00+05:30,price_dam_inr_mwh,1999.6
2025-05-11T15:00:00+05:30,price_dam_inr_mwh,2780.98
2025-05-11T15:15:00+05:30,price_dam_inr_mwh,2900.94
2025-05-11T15:30:00+05:30,price_dam_inr_mwh,2902.7
2025-05-11T15:45:00+05:30,price_dam_inr_mwh,2902.97
2025-05-11T16:00:00+05:30,price_dam_inr_mwh,2971.42
2025-05-11T16:15:00+05:30,price_dam_inr_mwh,3009.12
2025-05-11T16:30:00+05:30,price_dam_inr_mwh,3080.78
2025-05-11T16:45:00+05:30,price_dam_inr_mwh,3399.25
2025-05-11T17:00:00+05:30,price_dam_inr_mwh,3416.5
2025-05-11T17:15:00+05:30,price_dam_inr_mwh,3451.42
2025-05-11T17:30:00+05:30,price_dam_inr_mwh,3500.22
2025-05-11T17:45:00+05:30,price_dam_inr_mwh,3639.34
2025-05-11T18:00:00+05:30,price_dam_inr_mwh,3552.93
2025-05-11T18:15:00+05:30,price_dam_inr_mwh,3649.86
2025-05-11T18:30:00+05:30,price_dam_inr_mwh,3945.35
2025-05-11T18:45:00+05:30,price_dam_inr_mwh,4289.77
2025-05-11T19:00:00+05:30,price_dam_inr_mwh,4679.86
2025-05-11T19:15:00+05:30,price_dam_inr_mwh,5009.58
2025-05-11T19:30:00+05:30,price_dam_inr_mwh,5009.21
2025-05-11T19:45:00+05:30,price_dam_inr_mwh,5100.47
2025-05-11T20:00:00+05:30,price_dam_inr_mwh,5079.4
2025-05-11T20:15:00+05:30,price_dam_inr_mwh,5140.05
2025-05-11T20:30:00+05:30,price_dam_inr_mwh,6186.63
2025-05-11T20:45:00+05:30,price_dam_inr_mwh,7029.02
2025-05-11T21:00:00+05:30,price_dam_inr_mwh,8000.28
2025-05-11T21:15:00+05:30,price_dam_inr_mwh,7599.44
2025-05-11T21:30:00+05:30,price_dam_inr_mwh,8400.28
2025-05-11T21:45:00+05:30,price_dam_inr_mwh,8400.83
2025-05-11T22:00:00+05:30,price_dam_inr_mwh,10000.0
2025-05-11T22:15:00+05:30,price_dam_inr_mwh,10000.0
2025-05-11T22:30:00+05:30,price_dam_inr_mwh,10000.0
2025-05-11T22:45:00+05:30,price_dam_inr_mwh,10000.0
2025-05-11T23:00:00+05:30,price_dam_inr_mwh,10000.0
2025-05-11T23:15:00+05:30,price_dam_inr_mwh,10000.0
2025-05-11T23:30:00+05:30,price_dam_inr_mwh,10000.0
2025-05-11T23:45:00+05:30,price_dam_inr_mwh,10000.0
2025-05-12T00:00:00+05:30,price_dam_inr_mwh,10000.0
2025-05-12T00:15:00+05:30,price_dam_inr_mwh,10000.0
2025-05-12T00:30:00+05:30,price_dam_inr_mwh,10000.0
2025-05-12T00:45:00+05:30,price_dam_inr_mwh,10000.0
2025-05-12T01:00:00+05:30,price_dam_inr_mwh,10000.0
2025-05-12T01:15:00+05:30,price_dam_inr_mwh,10000.0
2025-05-12T01:30:00+05:30,price_dam_inr_mwh,10000.0
2025-05-12T01:45:00+05:30,price_dam_inr_mwh,10000.0
2025-05-12T02:00:00+05:30,price_dam_inr_mwh,9751.0
2025-05-12T02:15:00+05:30,price_dam_inr_mwh,6758.0
2025-05-12T02:30:00+05:30,price_dam_inr_mwh,5715.37
2025-05-12T02:45:00+05:30,price_dam_inr_mwh,5450.75
2025-05-12T03:00:00+05:30,price_dam_inr_mwh,5100.48
2025-05-12T03:15:00+05:30,price_dam_inr_mwh,5075.82
2025-05-12T03:30:00+05:30,price_dam_inr_mwh,5000.33
2025-05-12T03:45:00+05:30,price_dam_inr_mwh,4679.54
2025-05-12T04:00:00+05:30,price_dam_inr_mwh,4679.35
2025-05-12T04:15:00+05:30,price_dam_inr_mwh,4679.52
2025-05-12T04:30:00+05:30,price_dam_inr_mwh,4909.52
2025-05-12T04:45:00+05:30,price_dam_inr_mwh,4999.42
2025-05-12T05:00:00+05:30,price_dam_inr_mwh,4591.21
2025-05-12T05:15:00+05:30,price_dam_inr_mwh,4591.1
2025-05-12T05:30:00+05:30,price_dam_inr_mwh,4591.19
2025-05-12T05:45:00+05:30,price_dam_inr_mwh,4499.47
2025-05-12T06:00:00+05:30,price_dam_inr_mwh,4591.01
2025-05-12T06:15:00+05:30,price_dam_inr_mwh,4500.6
2025-05-12T06:30:00+05:30,price_dam_inr_mwh,4379.18
2025-05-12T06:45:00+05:30,price_dam_inr_mwh,3930.93
2025-05-12T07:00:00+05:30,price_dam_inr_mwh,3692.1
2025-05-12T07:15:00+05:30,price_dam_inr_mwh,3471.24
2025-05-12T07:30:00+05:30,price_dam_inr_mwh,3328.71
2025-05-12T07:45:00+05:30,price_dam_inr_mwh,2899.37
2025-05-12T08:00:00+05:30,price_dam_inr_mwh,2400.12
2025-05-12T08:15:00+05:30,price_dam_inr_mwh,2000.06
2025-05-12T08:30:00+05:30,price_dam_inr_mwh,2155.54
2025-05-12T08:45:00+05:30,price_dam_inr_mwh,2000.65
2025-05-12T09:00:00+05:30,price_dam_inr_mwh,2155.73
2025-05-12T09:15:00+05:30,price_dam_inr_mwh,2165.23
2025-05-12T09:30:00+05:30,price_dam_inr_mwh,2000.9
2025-05-12T09:45:00+05:30,price_dam_inr_mwh,2000.58
2025-05-12T10:00:00+05:30,price_dam_inr_mwh,1999.94
2025-05-12T10:15:00+05:30,price_dam_inr_mwh,2000.37
2025-05-12T10:30:00+05:30,price_dam_inr_mwh,2400.41
2025-05-12T10:45:00+05:30,price_dam_inr_mwh,2400.59
2025-05-12T11:00:00+05:30,price_dam_inr_mwh,2400.98
2025-05-12T11:15:00+05:30,price_dam_inr_mwh,2500.62
2025-05-12T11:30:00+05:30,price_dam_inr_mwh,2700.32
2025-05-12T11:45:00+05:30,price_dam_inr_mwh,2780.5
2025-05-12T12:00:00+05:30,price_dam_inr_mwh,2780.44
2025-05-12T12:15:00+05:30,price_dam_inr_mwh,2780.91
2025-05-12T12:30:00+05:30,price_dam_inr_mwh,2850.41
2025-05-12T12:45:00+05:30,price_dam_inr_mwh,2899.95
2025-05-12T13:00:00+05:30,price_dam_inr_mwh,2839.48
2025-05-12T13:15:00+05:30,price_dam_inr_mwh,2773.29
2025-05-12T13:30:00+05:30,price_dam_inr_mwh,2899.64
2025-05-12T13:45:00+05:30,price_dam_inr_mwh,2971.03
2025-05-12T14:00:00+05:30,price_dam_inr_mwh,2971.53
2025-05-12T14:15:00+05:30,price_dam_inr_mwh,2971.87
2025-05-12T14:30:00+05:30,price_dam_inr_mwh,2971.98
2025-05-12T14:45:00+05:30,price_dam_inr_mwh,3119.76
2025-05-12T15:00:00+05:30,price_dam_inr_mwh,3205.48
2025-05-12T15:15:00+05:30,price_dam_inr_mwh,3205.02
2025-05-12T15:30:00+05:30,price_dam_inr_mwh,3205.89
2025-05-12T15:45:00+05:30,price_dam_inr_mwh,3205.61
2025-05-12T16:00:00+05:30,price_dam_inr_mwh,3423.28
2025-05-12T16:15:00+05:30,price_dam_inr_mwh,3451.37
2025-05-12T16:30:00+05:30,price_dam_inr_mwh,3451.91
2025-05-12T16:45:00+05:30,price_dam_inr_mwh,3471.22
2025-05-12T17:00:00+05:30,price_dam_inr_mwh,3451.99
2025-05-12T17:15:00+05:30,price_dam_inr_mwh,3549.97
2025-05-12T17:30:00+05:30,price_dam_inr_mwh,3639.73
2025-05-12T17:45:00+05:30,price_dam_inr_mwh,3877.63
2025-05-12T18:00:00+05:30,price_dam_inr_mwh,4000.52
2025-05-12T18:15:00+05:30,price_dam_inr_mwh,4289.07
2025-05-12T18:30:00+05:30,price_dam_inr_mwh,4750.52
2025-05-12T18:45:00+05:30,price_dam_inr_mwh,7709.84
2025-05-12T19:00:00+05:30,price_dam_inr_mwh,10000.0
2025-05-12T19:15:00+05:30,price_dam_inr_mwh,10000.0
2025-05-12T19:30:00+05:30,price_dam_inr_mwh,10000.0
2025-05-12T19:45:00+05:30,price_dam_inr_mwh,10000.0
2025-05-12T20:00:00+05:30,price_dam_inr_mwh,10000.0
2025-05-12T20:15:00+05:30,price_dam_inr_mwh,10000.0
2025-05-12T20:30:00+05:30,price_dam_inr_mwh,10000.0
2025-05-12T20:45:00+05:30,price_dam_inr_mwh,10000.0
2025-05-12T21:00:00+05:30,price_dam_inr_mwh,10000.0
2025-05-12T21:15:00+05:30,price_dam_inr_mwh,10000.0
2025-05-12T21:30:00+05:30,price_dam_inr_mwh,10000.0
2025-05-12T21:45:00+05:30,price_dam_inr_mwh,10000.0
2025-05-12T22:00:00+05:30,price_dam_inr_mwh,10000.0
2025-05-12T22:15:00+05:30,price_dam_inr_mwh,10000.0
2025-05-12T22:30:00+05:30,price_dam_inr_mwh,10000.0
2025-05-12T22:45:00+05:30,price_dam_inr_mwh,10000.0
2025-05-12T23:00:00+05:30,price_dam_inr_mwh,10000.0
2025-05-12T23:15:00+05:30,price_dam_inr_mwh,10000.0
2025-05-12T23:30:00+05:30,price_dam_inr_mwh,10000.0
2025-05-12T23:45:00+05:30,price_dam_inr_mwh,10000.0
